date,mid
2010-01-04,4.0924
2010-01-05,4.0794
2010-01-06,4.095
2010-01-07,4.1109
2010-01-08,4.1084
2010-01-11,4.0595
2010-01-12,4.0814
2010-01-13,4.0615
2010-01-14,4.0534
2010-01-15,4.0339
2010-01-18,4.0312
2010-01-19,4.019
2010-01-20,4.0143
2010-01-21,4.0661
2010-01-22,4.0742
2010-01-25,4.0609
2010-01-26,4.0969
2010-01-27,4.0878
2010-01-28,4.063
2010-01-29,4.0616
2010-02-01,4.0035
2010-02-02,3.9849
2010-02-03,3.969
2010-02-04,4.025
2010-02-05,4.0921
2010-02-08,4.0916
2010-02-09,4.0779
2010-02-10,4.0595
2010-02-11,4.0548
2010-02-12,4.0035
2010-02-15,4.0227
2010-02-16,4.0168
2010-02-17,3.9878
2010-02-18,3.9855
2010-02-19,4.0031
2010-02-22,3.9711
2010-02-23,3.963
2010-02-24,4.0015
2010-02-25,3.9933
2010-02-26,3.9768
2010-03-01,3.9403
2010-03-02,3.9324
2010-03-03,3.927
2010-03-04,3.9141
2010-03-05,3.8848
2010-03-08,3.8774
2010-03-09,3.8837
2010-03-10,3.875
2010-03-11,3.9006
2010-03-12,3.8923
2010-03-15,3.901
2010-03-16,3.887
2010-03-17,3.8684
2010-03-18,3.8723
2010-03-19,3.8909
2010-03-22,3.9136
2010-03-23,3.8963
2010-03-24,3.8766
2010-03-25,3.8902
2010-03-26,3.8856
2010-03-29,3.8929
2010-03-30,3.8765
2010-03-31,3.8622
2010-04-01,3.8467
2010-04-02,3.8515
2010-04-06,3.8356
2010-04-07,3.8378
2010-04-08,3.8526
2010-04-09,3.8405
2010-04-12,3.8673
2010-04-13,3.8834
2010-04-14,3.8659
2010-04-15,3.8641
2010-04-16,3.8725
2010-04-19,3.901
2010-04-20,3.8958
2010-04-21,3.8662
2010-04-22,3.8653
2010-04-23,3.8804
2010-04-26,3.8766
2010-04-27,3.8965
2010-04-28,3.9514
2010-04-29,3.9175
2010-04-30,3.902
2010-05-04,3.931
2010-05-05,4.0215
2010-05-06,4.0773
2010-05-07,4.177
2010-05-10,3.9998
2010-05-11,4.0441
2010-05-12,3.99
2010-05-13,3.9591
2010-05-14,3.9852
2010-05-17,4.0244
2010-05-18,4.0038
2010-05-19,4.0898
2010-05-20,4.1157
2010-05-21,4.1428
2010-05-24,4.1067
2010-05-25,4.1735
2010-05-26,4.1366
2010-05-27,4.1004
2010-05-28,4.0479
2010-05-31,4.077
2010-06-01,4.1208
2010-06-02,4.1056
2010-06-04,4.0967
2010-06-07,4.1688
2010-06-08,4.1502
2010-06-09,4.123
2010-06-10,4.1338
2010-06-11,4.0909
2010-06-14,4.0838
2010-06-15,4.0765
2010-06-16,4.0653
2010-06-17,4.0811
2010-06-18,4.0732
2010-06-21,4.03
2010-06-22,4.0535
2010-06-23,4.0587
2010-06-24,4.0877
2010-06-25,4.1405
2010-06-28,4.1148
2010-06-29,4.1649
2010-06-30,4.1458
2010-07-01,4.1529
2010-07-02,4.1448
2010-07-05,4.117
2010-07-06,4.111
2010-07-07,4.1268
2010-07-08,4.0823
2010-07-09,4.0733
2010-07-12,4.0861
2010-07-13,4.0775
2010-07-14,4.0605
2010-07-15,4.06
2010-07-16,4.092
2010-07-19,4.1272
2010-07-20,4.1243
2010-07-21,4.1145
2010-07-22,4.1007
2010-07-23,4.0633
2010-07-26,4.0472
2010-07-27,4.0125
2010-07-28,4.0006
2010-07-29,3.9993
2010-07-30,4.008
2010-08-02,3.9852
2010-08-03,3.9875
2010-08-04,4.02
2010-08-05,3.986
2010-08-06,3.9881
2010-08-09,3.9871
2010-08-10,3.9727
2010-08-11,3.9992
2010-08-12,4.0134
2010-08-13,3.9941
2010-08-16,4.003
2010-08-17,3.9707
2010-08-18,3.9535
2010-08-19,3.9506
2010-08-20,3.9719
2010-08-23,3.985
2010-08-24,4.0104
2010-08-25,3.9946
2010-08-26,3.9927
2010-08-27,3.981
2010-08-30,3.9755
2010-08-31,4.0038
2010-09-01,3.9922
2010-09-02,3.9659
2010-09-03,3.9635
2010-09-06,3.9279
2010-09-07,3.9495
2010-09-08,3.9494
2010-09-09,3.9421
2010-09-10,3.9316
2010-09-13,3.9407
2010-09-14,3.9493
2010-09-15,3.9361
2010-09-16,3.9345
2010-09-17,3.9545
2010-09-20,3.9506
2010-09-21,3.9458
2010-09-22,3.9427
2010-09-23,3.9813
2010-09-24,3.9747
2010-09-27,3.9582
2010-09-28,3.9773
2010-09-29,3.971
2010-09-30,3.987
2010-10-01,3.9465
2010-10-04,3.9577
2010-10-05,3.9742
2010-10-06,3.9378
2010-10-07,3.9655
2010-10-08,3.986
2010-10-11,3.9754
2010-10-12,3.9711
2010-10-13,3.9587
2010-10-14,3.8992
2010-10-15,3.9074
2010-10-18,3.9254
2010-10-19,3.9317
2010-10-20,3.97
2010-10-21,3.9533
2010-10-22,3.9734
2010-10-25,3.9464
2010-10-26,3.9351
2010-10-27,3.9446
2010-10-28,3.9725
2010-10-29,3.9944
2010-11-02,3.9519
2010-11-03,3.9339
2010-11-04,3.9142
2010-11-05,3.919
2010-11-08,3.9258
2010-11-09,3.9334
2010-11-10,3.8964
2010-11-12,3.9377
2010-11-15,3.943
2010-11-16,3.9348
2010-11-17,3.951
2010-11-18,3.9386
2010-11-19,3.9381
2010-11-22,3.9292
2010-11-23,3.9443
2010-11-24,3.9695
2010-11-25,3.9747
2010-11-26,4.0248
2010-11-29,4.0278
2010-11-30,4.0734
2010-12-01,4.0205
2010-12-02,3.9928
2010-12-03,3.9968
2010-12-06,3.9974
2010-12-07,4.0078
2010-12-08,4.0415
2010-12-09,4.033
2010-12-10,4.0376
2010-12-13,4.024
2010-12-14,3.9911
2010-12-15,3.9877
2010-12-16,3.9896
2010-12-17,3.9837
2010-12-20,3.9998
2010-12-21,3.9944
2010-12-22,3.9909
2010-12-23,3.9735
2010-12-24,3.964
2010-12-27,3.9763
2010-12-28,3.984
2010-12-29,3.9913
2010-12-30,3.9704
2010-12-31,3.9603
2011-01-03,3.9622
2011-01-04,3.9433
2011-01-05,3.9095
2011-01-07,3.873
2011-01-10,3.9082
2011-01-11,3.8858
2011-01-12,3.8403
2011-01-13,3.8613
2011-01-14,3.8833
2011-01-17,3.8692
2011-01-18,3.8656
2011-01-19,3.886
2011-01-20,3.8929
2011-01-21,3.8936
2011-01-24,3.8765
2011-01-25,3.8777
2011-01-26,3.8777
2011-01-27,3.9009
2011-01-28,3.9111
2011-01-31,3.9345
2011-02-01,3.9129
2011-02-02,3.9019
2011-02-03,3.9173
2011-02-04,3.9075
2011-02-07,3.8684
2011-02-08,3.8742
2011-02-09,3.8993
2011-02-10,3.9248
2011-02-11,3.937
2011-02-14,3.9337
2011-02-15,3.9398
2011-02-16,3.9123
2011-02-17,3.9068
2011-02-18,3.9105
2011-02-21,3.9295
2011-02-22,3.9632
2011-02-23,3.9575
2011-02-24,3.9916
2011-02-25,3.9757
2011-02-28,3.9763
2011-03-01,3.9612
2011-03-02,3.9776
2011-03-03,3.9773
2011-03-04,3.9988
2011-03-07,3.9795
2011-03-08,3.9756
2011-03-09,3.9758
2011-03-10,3.9915
2011-03-11,4.0316
2011-03-14,4.0211
2011-03-15,4.0618
2011-03-16,4.0557
2011-03-17,4.08
2011-03-18,4.0615
2011-03-21,4.0477
2011-03-22,4.0345
2011-03-23,4.0353
2011-03-24,4.027
2011-03-25,4.024
2011-03-28,3.998
2011-03-29,3.993
2011-03-30,3.9878
2011-03-31,4.0119
2011-04-01,4.0312
2011-04-04,4.0325
2011-04-05,4.0253
2011-04-06,3.9989
2011-04-07,3.9823
2011-04-08,3.9594
2011-04-11,3.9758
2011-04-12,3.9726
2011-04-13,3.9756
2011-04-14,3.9498
2011-04-15,3.9479
2011-04-18,3.9559
2011-04-19,3.9815
2011-04-20,3.9629
2011-04-21,3.9787
2011-04-22,3.9536
2011-04-26,3.9423
2011-04-27,3.9421
2011-04-28,3.9353
2011-04-29,3.9376
2011-05-02,3.9322
2011-05-04,3.9366
2011-05-05,3.9406
2011-05-06,3.96
2011-05-09,3.9215
2011-05-10,3.9284
2011-05-11,3.9193
2011-05-12,3.9147
2011-05-13,3.9135
2011-05-16,3.933
2011-05-17,3.9269
2011-05-18,3.9205
2011-05-19,3.9205
2011-05-20,3.9207
2011-05-23,3.9437
2011-05-24,3.9481
2011-05-25,3.9511
2011-05-26,3.9685
2011-05-27,3.9785
2011-05-30,3.9726
2011-05-31,3.9569
2011-06-01,3.9595
2011-06-02,3.974
2011-06-03,3.9598
2011-06-06,3.9621
2011-06-07,3.9476
2011-06-08,3.949
2011-06-09,3.955
2011-06-10,3.9413
2011-06-13,3.9324
2011-06-14,3.9335
2011-06-15,3.9433
2011-06-16,3.9678
2011-06-17,3.9788
2011-06-20,3.993
2011-06-21,3.9848
2011-06-22,3.9846
2011-06-24,3.9905
2011-06-27,4.0012
2011-06-28,4.0067
2011-06-29,4.0095
2011-06-30,3.9866
2011-07-01,3.9626
2011-07-04,3.9463
2011-07-05,3.9487
2011-07-06,3.9531
2011-07-07,3.9498
2011-07-08,3.9345
2011-07-11,3.9743
2011-07-12,4.0383
2011-07-13,4.0288
2011-07-14,4.0291
2011-07-15,4.0343
2011-07-18,4.0402
2011-07-19,4.0242
2011-07-20,4.0014
2011-07-21,3.9914
2011-07-22,3.976
2011-07-25,4.0065
2011-07-26,4.0043
2011-07-27,4.006
2011-07-28,4.0082
2011-07-29,4.0125
2011-08-01,3.9859
2011-08-02,4.0225
2011-08-03,4.0321
2011-08-04,4.0278
2011-08-05,4.0423
2011-08-08,4.0546
2011-08-09,4.1033
2011-08-10,4.0923
2011-08-11,4.1605
2011-08-12,4.1509
2011-08-16,4.1583
2011-08-17,4.1475
2011-08-18,4.1417
2011-08-19,4.1913
2011-08-22,4.1728
2011-08-23,4.1533
2011-08-24,4.1601
2011-08-25,4.1592
2011-08-26,4.1629
2011-08-29,4.1607
2011-08-30,4.1498
2011-08-31,4.1445
2011-09-01,4.1452
2011-09-02,4.1687
2011-09-05,4.2055
2011-09-06,4.2135
2011-09-07,4.2182
2011-09-08,4.2187
2011-09-09,4.3139
2011-09-12,4.3212
2011-09-13,4.3595
2011-09-14,4.3346
2011-09-15,4.3871
2011-09-16,4.3462
2011-09-19,4.3513
2011-09-20,4.3811
2011-09-21,4.3925
2011-09-22,4.451
2011-09-23,4.49
2011-09-26,4.4113
2011-09-27,4.3915
2011-09-28,4.418
2011-09-29,4.4293
2011-09-30,4.4112
2011-10-03,4.437
2011-10-04,4.3957
2011-10-05,4.3918
2011-10-06,4.3765
2011-10-07,4.3779
2011-10-10,4.3235
2011-10-11,4.341
2011-10-12,4.315
2011-10-13,4.3161
2011-10-14,4.2925
2011-10-17,4.2716
2011-10-18,4.3499
2011-10-19,4.3334
2011-10-20,4.3628
2011-10-21,4.396
2011-10-24,4.3934
2011-10-25,4.3787
2011-10-26,4.3856
2011-10-27,4.3488
2011-10-28,4.319
2011-10-31,4.3433
2011-11-02,4.4146
2011-11-03,4.3809
2011-11-04,4.3464
2011-11-07,4.3764
2011-11-08,4.3619
2011-11-09,4.3757
2011-11-10,4.3807
2011-11-14,4.4022
2011-11-15,4.4064
2011-11-16,4.4155
2011-11-17,4.4387
2011-11-18,4.4283
2011-11-21,4.4366
2011-11-22,4.4447
2011-11-23,4.4637
2011-11-24,4.4855
2011-11-25,4.513
2011-11-28,4.5071
2011-11-29,4.5282
2011-11-30,4.5494
2011-12-01,4.5083
2011-12-02,4.4812
2011-12-05,4.4773
2011-12-06,4.4711
2011-12-07,4.469
2011-12-08,4.4692
2011-12-09,4.5195
2011-12-12,4.5255
2011-12-13,4.56
2011-12-14,4.5642
2011-12-15,4.5481
2011-12-16,4.5094
2011-12-19,4.491
2011-12-20,4.4635
2011-12-21,4.4424
2011-12-22,4.4438
2011-12-23,4.4401
2011-12-27,4.4175
2011-12-28,4.3914
2011-12-29,4.4079
2011-12-30,4.4168
2012-01-02,4.464
2012-01-03,4.4597
2012-01-04,4.4753
2012-01-05,4.5135
2012-01-09,4.4902
2012-01-10,4.4883
2012-01-11,4.4645
2012-01-12,4.4532
2012-01-13,4.404
2012-01-16,4.4056
2012-01-17,4.3708
2012-01-18,4.3491
2012-01-19,4.3391
2012-01-20,4.326
2012-01-23,4.3111
2012-01-24,4.2885
2012-01-25,4.2855
2012-01-26,4.2431
2012-01-27,4.2223
2012-01-30,4.2589
2012-01-31,4.227
2012-02-01,4.1933
2012-02-02,4.1995
2012-02-03,4.1932
2012-02-06,4.1837
2012-02-07,4.1818
2012-02-08,4.171
2012-02-09,4.1769
2012-02-10,4.2048
2012-02-13,4.1948
2012-02-14,4.1935
2012-02-15,4.1695
2012-02-16,4.2276
2012-02-17,4.184
2012-02-20,4.1775
2012-02-21,4.1735
2012-02-22,4.1857
2012-02-23,4.181
2012-02-24,4.1654
2012-02-27,4.1845
2012-02-28,4.163
2012-02-29,4.1365
2012-03-01,4.1198
2012-03-02,4.1125
2012-03-05,4.1345
2012-03-06,4.157
2012-03-07,4.1578
2012-03-08,4.1255
2012-03-09,4.1143
2012-03-12,4.1062
2012-03-13,4.1132
2012-03-14,4.1395
2012-03-15,4.142
2012-03-16,4.1367
2012-03-19,4.127
2012-03-20,4.1282
2012-03-21,4.1364
2012-03-22,4.1694
2012-03-23,4.1649
2012-03-26,4.1409
2012-03-27,4.13
2012-03-28,4.1503
2012-03-29,4.16
2012-03-30,4.1616
2012-04-02,4.1428
2012-04-03,4.1327
2012-04-04,4.1495
2012-04-05,4.1544
2012-04-06,4.1565
2012-04-10,4.1756
2012-04-11,4.2008
2012-04-12,4.174
2012-04-13,4.1779
2012-04-16,4.2028
2012-04-17,4.19
2012-04-18,4.176
2012-04-19,4.1865
2012-04-20,4.1885
2012-04-23,4.2033
2012-04-24,4.2059
2012-04-25,4.187
2012-04-26,4.1825
2012-04-27,4.182
2012-04-30,4.1721
2012-05-02,4.16
2012-05-04,4.188
2012-05-07,4.1991
2012-05-08,4.1949
2012-05-09,4.2047
2012-05-10,4.2379
2012-05-11,4.2413
2012-05-14,4.3
2012-05-15,4.316
2012-05-16,4.3682
2012-05-17,4.349
2012-05-18,4.3683
2012-05-21,4.3322
2012-05-22,4.3205
2012-05-23,4.3576
2012-05-24,4.3665
2012-05-25,4.351
2012-05-28,4.3442
2012-05-29,4.3511
2012-05-30,4.3731
2012-05-31,4.3889
2012-06-01,4.4126
2012-06-04,4.4007
2012-06-05,4.3922
2012-06-06,4.3423
2012-06-08,4.3078
2012-06-11,4.2922
2012-06-12,4.3222
2012-06-13,4.331
2012-06-14,4.3207
2012-06-15,4.2925
2012-06-18,4.268
2012-06-19,4.2733
2012-06-20,4.2503
2012-06-21,4.2585
2012-06-22,4.271
2012-06-25,4.2645
2012-06-26,4.258
2012-06-27,4.25
2012-06-28,4.276
2012-06-29,4.2613
2012-07-02,4.2308
2012-07-03,4.211
2012-07-04,4.2046
2012-07-05,4.2221
2012-07-06,4.2178
2012-07-09,4.2401
2012-07-10,4.2041
2012-07-11,4.1801
2012-07-12,4.2008
2012-07-13,4.2055
2012-07-16,4.1939
2012-07-17,4.1782
2012-07-18,4.1705
2012-07-19,4.1596
2012-07-20,4.1629
2012-07-23,4.18
2012-07-24,4.2011
2012-07-25,4.2087
2012-07-26,4.1853
2012-07-27,4.1459
2012-07-30,4.1411
2012-07-31,4.1086
2012-08-01,4.1147
2012-08-02,4.1063
2012-08-03,4.0967
2012-08-06,4.0486
2012-08-07,4.0465
2012-08-08,4.0918
2012-08-09,4.0615
2012-08-10,4.0771
2012-08-13,4.0823
2012-08-14,4.0888
2012-08-16,4.082
2012-08-17,4.068
2012-08-20,4.0684
2012-08-21,4.0683
2012-08-22,4.0729
2012-08-23,4.0756
2012-08-24,4.1012
2012-08-27,4.0783
2012-08-28,4.095
2012-08-29,4.154
2012-08-30,4.1919
2012-08-31,4.1838
2012-09-03,4.1981
2012-09-04,4.1944
2012-09-05,4.2157
2012-09-06,4.158
2012-09-07,4.1275
2012-09-10,4.1141
2012-09-11,4.1085
2012-09-12,4.0801
2012-09-13,4.1146
2012-09-14,4.0584
2012-09-17,4.0887
2012-09-18,4.1217
2012-09-19,4.1217
2012-09-20,4.1635
2012-09-21,4.134
2012-09-24,4.1528
2012-09-25,4.1475
2012-09-26,4.1415
2012-09-27,4.1518
2012-09-28,4.1138
2012-10-01,4.102
2012-10-02,4.1115
2012-10-03,4.1202
2012-10-04,4.0933
2012-10-05,4.0766
2012-10-08,4.077
2012-10-09,4.0721
2012-10-10,4.0788
2012-10-11,4.0987
2012-10-12,4.0957
2012-10-15,4.092
2012-10-16,4.0889
2012-10-17,4.094
2012-10-18,4.1034
2012-10-19,4.1103
2012-10-22,4.1056
2012-10-23,4.1266
2012-10-24,4.1374
2012-10-25,4.143
2012-10-26,4.1543
2012-10-29,4.1472
2012-10-30,4.145
2012-10-31,4.135
2012-11-02,4.1169
2012-11-05,4.1213
2012-11-06,4.1211
2012-11-07,4.1122
2012-11-08,4.1593
2012-11-09,4.1527
2012-11-12,4.1661
2012-11-13,4.1782
2012-11-14,4.1754
2012-11-15,4.1712
2012-11-16,4.1614
2012-11-19,4.1521
2012-11-20,4.137
2012-11-21,4.1266
2012-11-22,4.1142
2012-11-23,4.1229
2012-11-26,4.116
2012-11-27,4.1008
2012-11-28,4.1099
2012-11-29,4.0968
2012-11-30,4.1064
2012-12-03,4.1083
2012-12-04,4.1273
2012-12-05,4.1251
2012-12-06,4.1247
2012-12-07,4.1332
2012-12-10,4.125
2012-12-11,4.1025
2012-12-12,4.0937
2012-12-13,4.0927
2012-12-14,4.0912
2012-12-17,4.0839
2012-12-18,4.09
2012-12-19,4.073
2012-12-20,4.0715
2012-12-21,4.0643
2012-12-24,4.0696
2012-12-27,4.0899
2012-12-28,4.0745
2012-12-31,4.0882
2013-01-02,4.0671
2013-01-03,4.077
2013-01-04,4.1248
2013-01-07,4.1218
2013-01-08,4.1263
2013-01-09,4.1192
2013-01-10,4.076
2013-01-11,4.0996
2013-01-14,4.1231
2013-01-15,4.1151
2013-01-16,4.128
2013-01-17,4.1178
2013-01-18,4.1294
2013-01-21,4.1762
2013-01-22,4.17
2013-01-23,4.1591
2013-01-24,4.1964
2013-01-25,4.1903
2013-01-28,4.1805
2013-01-29,4.1969
2013-01-30,4.1858
2013-01-31,4.187
2013-02-01,4.2028
2013-02-04,4.1515
2013-02-05,4.17
2013-02-06,4.1801
2013-02-07,4.1882
2013-02-08,4.167
2013-02-11,4.1519
2013-02-12,4.1686
2013-02-13,4.1781
2013-02-14,4.1715
2013-02-15,4.1852
2013-02-18,4.193
2013-02-19,4.1863
2013-02-20,4.1602
2013-02-21,4.176
2013-02-22,4.1574
2013-02-25,4.158
2013-02-26,4.1613
2013-02-27,4.1658
2013-02-28,4.157
2013-03-01,4.1432
2013-03-04,4.135
2013-03-05,4.1361
2013-03-06,4.1269
2013-03-07,4.1472
2013-03-08,4.1497
2013-03-11,4.139
2013-03-12,4.15
2013-03-13,4.1484
2013-03-14,4.1448
2013-03-15,4.1595
2013-03-18,4.1505
2013-03-19,4.1465
2013-03-20,4.1538
2013-03-21,4.1805
2013-03-22,4.186
2013-03-25,4.1586
2013-03-26,4.1723
2013-03-27,4.1779
2013-03-28,4.1866
2013-03-29,4.1774
2013-04-02,4.1813
2013-04-03,4.1898
2013-04-04,4.1898
2013-04-05,4.182
2013-04-08,4.1495
2013-04-09,4.1298
2013-04-10,4.1135
2013-04-11,4.1061
2013-04-12,4.12
2013-04-15,4.1125
2013-04-16,4.1178
2013-04-17,4.1097
2013-04-18,4.115
2013-04-19,4.1118
2013-04-22,4.1025
2013-04-23,4.1293
2013-04-24,4.1403
2013-04-25,4.1518
2013-04-26,4.1588
2013-04-29,4.1501
2013-04-30,4.1429
2013-05-02,4.1485
2013-05-06,4.1479
2013-05-07,4.155
2013-05-08,4.1487
2013-05-09,4.1285
2013-05-10,4.1417
2013-05-13,4.157
2013-05-14,4.1606
2013-05-15,4.1725
2013-05-16,4.1822
2013-05-17,4.1834
2013-05-20,4.1683
2013-05-21,4.182
2013-05-22,4.1813
2013-05-23,4.202
2013-05-24,4.2049
2013-05-27,4.195
2013-05-28,4.1912
2013-05-29,4.2315
2013-05-31,4.2902
2013-06-03,4.2786
2013-06-04,4.252
2013-06-05,4.2349
2013-06-06,4.2742
2013-06-07,4.3061
2013-06-10,4.2571
2013-06-11,4.2756
2013-06-12,4.2555
2013-06-13,4.2685
2013-06-14,4.218
2013-06-17,4.2316
2013-06-18,4.2406
2013-06-19,4.2563
2013-06-20,4.3237
2013-06-21,4.3284
2013-06-24,4.3432
2013-06-25,4.3118
2013-06-26,4.3348
2013-06-27,4.3314
2013-06-28,4.3292
2013-07-01,4.3323
2013-07-02,4.3265
2013-07-03,4.3416
2013-07-04,4.3213
2013-07-05,4.2824
2013-07-08,4.3105
2013-07-09,4.3234
2013-07-10,4.324
2013-07-11,4.3345
2013-07-12,4.3295
2013-07-15,4.2922
2013-07-16,4.2788
2013-07-17,4.2624
2013-07-18,4.2453
2013-07-19,4.2457
2013-07-22,4.2296
2013-07-23,4.2186
2013-07-24,4.209
2013-07-25,4.2387
2013-07-26,4.2295
2013-07-29,4.2319
2013-07-30,4.2202
2013-07-31,4.2427
2013-08-01,4.2339
2013-08-02,4.2558
2013-08-05,4.2211
2013-08-06,4.2107
2013-08-07,4.2153
2013-08-08,4.2045
2013-08-09,4.194
2013-08-12,4.1927
2013-08-13,4.1874
2013-08-14,4.1994
2013-08-16,4.223
2013-08-19,4.248
2013-08-20,4.2468
2013-08-21,4.244
2013-08-22,4.2477
2013-08-23,4.2323
2013-08-26,4.232
2013-08-27,4.2473
2013-08-28,4.2555
2013-08-29,4.2812
2013-08-30,4.2654
2013-09-02,4.2507
2013-09-03,4.272
2013-09-04,4.2673
2013-09-05,4.2805
2013-09-06,4.2975
2013-09-09,4.27
2013-09-10,4.2637
2013-09-11,4.2408
2013-09-12,4.2238
2013-09-13,4.211
2013-09-16,4.1961
2013-09-17,4.2144
2013-09-18,4.2302
2013-09-19,4.179
2013-09-20,4.2144
2013-09-23,4.2268
2013-09-24,4.2291
2013-09-25,4.2153
2013-09-26,4.2262
2013-09-27,4.231
2013-09-30,4.2163
2013-10-01,4.223
2013-10-02,4.2231
2013-10-03,4.2105
2013-10-04,4.2065
2013-10-07,4.2088
2013-10-08,4.1896
2013-10-09,4.201
2013-10-10,4.1918
2013-10-11,4.1861
2013-10-14,4.1925
2013-10-15,4.1855
2013-10-16,4.1755
2013-10-17,4.1738
2013-10-18,4.1769
2013-10-21,4.185
2013-10-22,4.1786
2013-10-23,4.18
2013-10-24,4.1812
2013-10-25,4.191
2013-10-28,4.1805
2013-10-29,4.1893
2013-10-30,4.1869
2013-10-31,4.1766
2013-11-04,4.1816
2013-11-05,4.1805
2013-11-06,4.1728
2013-11-07,4.1696
2013-11-08,4.1799
2013-11-12,4.2066
2013-11-13,4.2061
2013-11-14,4.189
2013-11-15,4.189
2013-11-18,4.1805
2013-11-19,4.1789
2013-11-20,4.1847
2013-11-21,4.1933
2013-11-22,4.1995
2013-11-25,4.193
2013-11-26,4.1935
2013-11-27,4.2038
2013-11-28,4.1988
2013-11-29,4.1998
2013-12-02,4.1965
2013-12-03,4.2032
2013-12-04,4.2011
2013-12-05,4.1974
2013-12-06,4.1925
2013-12-09,4.1883
2013-12-10,4.1822
2013-12-11,4.1803
2013-12-12,4.1878
2013-12-13,4.1844
2013-12-16,4.1784
2013-12-17,4.1788
2013-12-18,4.18
2013-12-19,4.17
2013-12-20,4.1652
2013-12-23,4.1638
2013-12-24,4.1512
2013-12-27,4.1538
2013-12-30,4.1513
2013-12-31,4.1472
2014-01-02,4.1631
2014-01-03,4.1645
2014-01-07,4.1798
2014-01-08,4.1789
2014-01-09,4.1776
2014-01-10,4.1745
2014-01-13,4.16
2014-01-14,4.1565
2014-01-15,4.1522
2014-01-16,4.1647
2014-01-17,4.1601
2014-01-20,4.1586
2014-01-21,4.1647
2014-01-22,4.1669
2014-01-23,4.1679
2014-01-24,4.2014
2014-01-27,4.2291
2014-01-28,4.1827
2014-01-29,4.2155
2014-01-30,4.2365
2014-01-31,4.2368
2014-02-03,4.2375
2014-02-04,4.214
2014-02-05,4.1887
2014-02-06,4.186
2014-02-07,4.1865
2014-02-10,4.1822
2014-02-11,4.1798
2014-02-12,4.1686
2014-02-13,4.1752
2014-02-14,4.153
2014-02-17,4.145
2014-02-18,4.1584
2014-02-19,4.1638
2014-02-20,4.178
2014-02-21,4.1681
2014-02-24,4.1638
2014-02-25,4.1595
2014-02-26,4.1584
2014-02-27,4.1851
2014-02-28,4.1602
2014-03-03,4.1978
2014-03-04,4.1926
2014-03-05,4.186
2014-03-06,4.1788
2014-03-07,4.1893
2014-03-10,4.1991
2014-03-11,4.2171
2014-03-12,4.229
2014-03-13,4.2277
2014-03-14,4.2334
2014-03-17,4.2295
2014-03-18,4.2295
2014-03-19,4.2065
2014-03-20,4.2089
2014-03-21,4.197
2014-03-24,4.199
2014-03-25,4.191
2014-03-26,4.1835
2014-03-27,4.1826
2014-03-28,4.1677
2014-03-31,4.1713
2014-04-01,4.1765
2014-04-02,4.1774
2014-04-03,4.1738
2014-04-04,4.1657
2014-04-07,4.1748
2014-04-08,4.1684
2014-04-09,4.1675
2014-04-10,4.171
2014-04-11,4.1784
2014-04-14,4.1855
2014-04-15,4.184
2014-04-16,4.1925
2014-04-17,4.1968
2014-04-18,4.182
2014-04-22,4.189
2014-04-23,4.1914
2014-04-24,4.1893
2014-04-25,4.203
2014-04-28,4.2112
2014-04-29,4.2053
2014-04-30,4.1994
2014-05-02,4.199
2014-05-05,4.2056
2014-05-06,4.2051
2014-05-07,4.2003
2014-05-08,4.1865
2014-05-09,4.1787
2014-05-12,4.1797
2014-05-13,4.1815
2014-05-14,4.1828
2014-05-15,4.1824
2014-05-16,4.1935
2014-05-19,4.1884
2014-05-20,4.1905
2014-05-21,4.1885
2014-05-22,4.1755
2014-05-23,4.1524
2014-05-26,4.156
2014-05-27,4.1655
2014-05-28,4.1678
2014-05-29,4.1385
2014-05-30,4.142
2014-06-02,4.1355
2014-06-03,4.1392
2014-06-04,4.1527
2014-06-05,4.1215
2014-06-06,4.1211
2014-06-09,4.0998
2014-06-10,4.109
2014-06-11,4.1157
2014-06-12,4.1096
2014-06-13,4.1231
2014-06-16,4.146
2014-06-17,4.1398
2014-06-18,4.1463
2014-06-20,4.1506
2014-06-23,4.1603
2014-06-24,4.1587
2014-06-25,4.1437
2014-06-26,4.1358
2014-06-27,4.1528
2014-06-30,4.1609
2014-07-01,4.155
2014-07-02,4.15
2014-07-03,4.1536
2014-07-04,4.1435
2014-07-07,4.1472
2014-07-08,4.1401
2014-07-09,4.1272
2014-07-10,4.1341
2014-07-11,4.1419
2014-07-14,4.139
2014-07-15,4.1433
2014-07-16,4.131
2014-07-17,4.1378
2014-07-18,4.1479
2014-07-21,4.1521
2014-07-22,4.1464
2014-07-23,4.1355
2014-07-24,4.1398
2014-07-25,4.1459
2014-07-28,4.147
2014-07-29,4.1524
2014-07-30,4.1517
2014-07-31,4.164
2014-08-01,4.1887
2014-08-04,4.1783
2014-08-05,4.1679
2014-08-06,4.194
2014-08-07,4.199
2014-08-08,4.2184
2014-08-11,4.1998
2014-08-12,4.2025
2014-08-13,4.198
2014-08-14,4.18
2014-08-18,4.1951
2014-08-19,4.1871
2014-08-20,4.1838
2014-08-21,4.1893
2014-08-22,4.1874
2014-08-25,4.1814
2014-08-26,4.18
2014-08-27,4.188
2014-08-28,4.2043
2014-08-29,4.2129
2014-09-01,4.2099
2014-09-02,4.212
2014-09-03,4.1937
2014-09-04,4.2
2014-09-05,4.1908
2014-09-08,4.1824
2014-09-09,4.1978
2014-09-10,4.207
2014-09-11,4.1935
2014-09-12,4.1957
2014-09-15,4.2028
2014-09-16,4.197
2014-09-17,4.1899
2014-09-18,4.188
2014-09-19,4.186
2014-09-22,4.1845
2014-09-23,4.1775
2014-09-24,4.1785
2014-09-25,4.1757
2014-09-26,4.1781
2014-09-29,4.1843
2014-09-30,4.1755
2014-10-01,4.1792
2014-10-02,4.178
2014-10-03,4.1789
2014-10-06,4.1829
2014-10-07,4.1825
2014-10-08,4.1856
2014-10-09,4.1826
2014-10-10,4.1795
2014-10-13,4.1901
2014-10-14,4.1993
2014-10-15,4.2089
2014-10-16,4.2223
2014-10-17,4.2293
2014-10-20,4.2232
2014-10-21,4.2263
2014-10-22,4.2228
2014-10-23,4.228
2014-10-24,4.2245
2014-10-27,4.2229
2014-10-28,4.2268
2014-10-29,4.2248
2014-10-30,4.228
2014-10-31,4.2043
2014-11-03,4.2209
2014-11-04,4.2253
2014-11-05,4.231
2014-11-06,4.225
2014-11-07,4.2243
2014-11-10,4.2163
2014-11-12,4.2247
2014-11-13,4.2203
2014-11-14,4.229
2014-11-17,4.2255
2014-11-18,4.218
2014-11-19,4.217
2014-11-20,4.2155
2014-11-21,4.2088
2014-11-24,4.1977
2014-11-25,4.1916
2014-11-26,4.18
2014-11-27,4.1807
2014-11-28,4.1814
2014-12-01,4.1788
2014-12-02,4.162
2014-12-03,4.1574
2014-12-04,4.1538
2014-12-05,4.1585
2014-12-08,4.1655
2014-12-09,4.1594
2014-12-10,4.1595
2014-12-11,4.1749
2014-12-12,4.1805
2014-12-15,4.1761
2014-12-16,4.1935
2014-12-17,4.2286
2014-12-18,4.2365
2014-12-19,4.2705
2014-12-22,4.2625
2014-12-23,4.2743
2014-12-24,4.306
2014-12-29,4.3053
2014-12-30,4.3138
2014-12-31,4.2623
2015-01-02,4.3078
2015-01-05,4.3008
2015-01-07,4.3115
2015-01-08,4.2985
2015-01-09,4.2837
2015-01-12,4.2782
2015-01-13,4.2802
2015-01-14,4.2885
2015-01-15,4.2897
2015-01-16,4.322
2015-01-19,4.3165
2015-01-20,4.3335
2015-01-21,4.3218
2015-01-22,4.2997
2015-01-23,4.2354
2015-01-26,4.2293
2015-01-27,4.2285
2015-01-28,4.2348
2015-01-29,4.2344
2015-01-30,4.2081
2015-02-02,4.1762
2015-02-03,4.1812
2015-02-04,4.1712
2015-02-05,4.1739
2015-02-06,4.1695
2015-02-09,4.176
2015-02-10,4.2017
2015-02-11,4.1999
2015-02-12,4.1884
2015-02-13,4.1783
2015-02-16,4.1812
2015-02-17,4.1904
2015-02-18,4.1905
2015-02-19,4.177
2015-02-20,4.18
2015-02-23,4.1777
2015-02-24,4.1763
2015-02-25,4.1668
2015-02-26,4.1542
2015-02-27,4.1495
2015-03-02,4.1559
2015-03-03,4.1557
2015-03-04,4.1723
2015-03-05,4.1415
2015-03-06,4.1292
2015-03-09,4.1259
2015-03-10,4.1233
2015-03-11,4.1435
2015-03-12,4.1251
2015-03-13,4.1529
2015-03-16,4.1373
2015-03-17,4.1397
2015-03-18,4.145
2015-03-19,4.123
2015-03-20,4.1255
2015-03-23,4.1287
2015-03-24,4.109
2015-03-25,4.0927
2015-03-26,4.0886
2015-03-27,4.0993
2015-03-30,4.094
2015-03-31,4.089
2015-04-01,4.0665
2015-04-02,4.064
2015-04-03,4.0748
2015-04-07,4.0615
2015-04-08,4.034
2015-04-09,4.0198
2015-04-10,4.0198
2015-04-13,4.0198
2015-04-14,4.0088
2015-04-15,4.0083
2015-04-16,4.014
2015-04-17,4.033
2015-04-20,4.0112
2015-04-21,3.9822
2015-04-22,4.0015
2015-04-23,4.0075
2015-04-24,4.0161
2015-04-27,4.0214
2015-04-28,4.0075
2015-04-29,4.006
2015-04-30,4.0337
2015-05-04,4.0465
2015-05-05,4.0179
2015-05-06,4.0552
2015-05-07,4.0685
2015-05-08,4.0552
2015-05-11,4.0767
2015-05-12,4.103
2015-05-13,4.0765
2015-05-14,4.0945
2015-05-15,4.0587
2015-05-18,4.0468
2015-05-19,4.0465
2015-05-20,4.0606
2015-05-21,4.0836
2015-05-22,4.098
2015-05-25,4.1149
2015-05-26,4.1279
2015-05-27,4.1405
2015-05-28,4.1419
2015-05-29,4.1301
2015-06-01,4.126
2015-06-02,4.1374
2015-06-03,4.1307
2015-06-05,4.16
2015-06-08,4.1559
2015-06-09,4.1705
2015-06-10,4.1602
2015-06-11,4.1481
2015-06-12,4.1423
2015-06-15,4.1486
2015-06-16,4.1595
2015-06-17,4.1535
2015-06-18,4.1615
2015-06-19,4.1715
2015-06-22,4.1724
2015-06-23,4.1637
2015-06-24,4.164
2015-06-25,4.1737
2015-06-26,4.1764
2015-06-29,4.1893
2015-06-30,4.1944
2015-07-01,4.1923
2015-07-02,4.1935
2015-07-03,4.1896
2015-07-06,4.199
2015-07-07,4.2026
2015-07-08,4.2213
2015-07-09,4.2277
2015-07-10,4.1905
2015-07-13,4.155
2015-07-14,4.1545
2015-07-15,4.1319
2015-07-16,4.1111
2015-07-17,4.1021
2015-07-20,4.1083
2015-07-21,4.1112
2015-07-22,4.1174
2015-07-23,4.1285
2015-07-24,4.1195
2015-07-27,4.1495
2015-07-28,4.128
2015-07-29,4.1452
2015-07-30,4.1429
2015-07-31,4.1488
2015-08-03,4.136
2015-08-04,4.1463
2015-08-05,4.1655
2015-08-06,4.1798
2015-08-07,4.1868
2015-08-10,4.1933
2015-08-11,4.2035
2015-08-12,4.2093
2015-08-13,4.1822
2015-08-14,4.1849
2015-08-17,4.1775
2015-08-18,4.1616
2015-08-19,4.169
2015-08-20,4.1946
2015-08-21,4.2014
2015-08-24,4.239
2015-08-25,4.2309
2015-08-26,4.2381
2015-08-27,4.2255
2015-08-28,4.2325
2015-08-31,4.2344
2015-09-01,4.2297
2015-09-02,4.244
2015-09-03,4.2314
2015-09-04,4.229
2015-09-07,4.2335
2015-09-08,4.236
2015-09-09,4.2129
2015-09-10,4.2153
2015-09-11,4.208
2015-09-14,4.209
2015-09-15,4.2094
2015-09-16,4.1994
2015-09-17,4.2065
2015-09-18,4.2059
2015-09-21,4.1896
2015-09-22,4.1924
2015-09-23,4.2007
2015-09-24,4.22
2015-09-25,4.2115
2015-09-28,4.2334
2015-09-29,4.2434
2015-09-30,4.2386
2015-10-01,4.2437
2015-10-02,4.2451
2015-10-05,4.2475
2015-10-06,4.2453
2015-10-07,4.2272
2015-10-08,4.2405
2015-10-09,4.217
2015-10-12,4.2273
2015-10-13,4.2336
2015-10-14,4.2365
2015-10-15,4.2295
2015-10-16,4.2315
2015-10-19,4.2342
2015-10-20,4.2472
2015-10-21,4.2745
2015-10-22,4.2769
2015-10-23,4.252
2015-10-26,4.2605
2015-10-27,4.2709
2015-10-28,4.2902
2015-10-29,4.2732
2015-10-30,4.2652
2015-11-02,4.249
2015-11-03,4.2495
2015-11-04,4.2455
2015-11-05,4.2306
2015-11-06,4.2458
2015-11-09,4.2651
2015-11-10,4.2485
2015-11-12,4.2245
2015-11-13,4.2362
2015-11-16,4.2472
2015-11-17,4.2433
2015-11-18,4.2509
2015-11-19,4.2477
2015-11-20,4.2441
2015-11-23,4.2395
2015-11-24,4.2609
2015-11-25,4.268
2015-11-26,4.2763
2015-11-27,4.2692
2015-11-30,4.2639
2015-12-01,4.2651
2015-12-02,4.2815
2015-12-03,4.2665
2015-12-04,4.3141
2015-12-07,4.3111
2015-12-08,4.3282
2015-12-09,4.3402
2015-12-10,4.344
2015-12-11,4.3471
2015-12-14,4.35
2015-12-15,4.358
2015-12-16,4.3304
2015-12-17,4.3048
2015-12-18,4.2816
2015-12-21,4.2545
2015-12-22,4.2411
2015-12-23,4.246
2015-12-24,4.2411
2015-12-28,4.2448
2015-12-29,4.244
2015-12-30,4.2423
2015-12-31,4.2615
2016-01-04,4.2935
2016-01-05,4.3176
2016-01-07,4.3475
2016-01-08,4.3457
2016-01-11,4.3635
2016-01-12,4.3621
2016-01-13,4.3345
2016-01-14,4.3605
2016-01-15,4.4075
2016-01-18,4.4835
2016-01-19,4.449
2016-01-20,4.4659
2016-01-21,4.4987
2016-01-22,4.446
2016-01-25,4.472
2016-01-26,4.4961
2016-01-27,4.473
2016-01-28,4.4588
2016-01-29,4.4405
2016-02-01,4.4104
2016-02-02,4.4015
2016-02-03,4.4024
2016-02-04,4.4078
2016-02-05,4.4135
2016-02-08,4.4185
2016-02-09,4.449
2016-02-10,4.4366
2016-02-11,4.4407
2016-02-12,4.4136
2016-02-15,4.396
2016-02-16,4.4042
2016-02-17,4.3905
2016-02-18,4.3902
2016-02-19,4.383
2016-02-22,4.3655
2016-02-23,4.3655
2016-02-24,4.372
2016-02-25,4.3739
2016-02-26,4.357
2016-02-29,4.3589
2016-03-01,4.3365
2016-03-02,4.3333
2016-03-03,4.325
2016-03-04,4.334
2016-03-07,4.3292
2016-03-08,4.3325
2016-03-09,4.3215
2016-03-10,4.3131
2016-03-11,4.3226
2016-03-14,4.2813
2016-03-15,4.2824
2016-03-16,4.298
2016-03-17,4.2989
2016-03-18,4.2705
2016-03-21,4.2603
2016-03-22,4.259
2016-03-23,4.2533
2016-03-24,4.2715
2016-03-25,4.263
2016-03-29,4.2535
2016-03-30,4.2445
2016-03-31,4.2684
2016-04-01,4.2387
2016-04-04,4.2355
2016-04-05,4.2452
2016-04-06,4.2577
2016-04-07,4.2601
2016-04-08,4.293
2016-04-11,4.2826
2016-04-12,4.2867
2016-04-13,4.2827
2016-04-14,4.3016
2016-04-15,4.3
2016-04-18,4.2978
2016-04-19,4.2977
2016-04-20,4.3004
2016-04-21,4.2885
2016-04-22,4.3283
2016-04-25,4.386
2016-04-26,4.3978
2016-04-27,4.3926
2016-04-28,4.394
2016-04-29,4.4078
2016-05-02,4.3842
2016-05-04,4.3992
2016-05-05,4.4003
2016-05-06,4.4236
2016-05-09,4.4123
2016-05-10,4.4275
2016-05-11,4.4241
2016-05-12,4.4275
2016-05-13,4.4016
2016-05-16,4.3727
2016-05-17,4.361
2016-05-18,4.3937
2016-05-19,4.396
2016-05-20,4.4163
2016-05-23,4.4293
2016-05-24,4.4482
2016-05-25,4.4238
2016-05-27,4.4063
2016-05-30,4.3945
2016-05-31,4.382
2016-06-01,4.3895
2016-06-02,4.3944
2016-06-03,4.3913
2016-06-06,4.3835
2016-06-07,4.3533
2016-06-08,4.3377
2016-06-09,4.3334
2016-06-10,4.3558
2016-06-13,4.39
2016-06-14,4.4363
2016-06-15,4.4155
2016-06-16,4.4445
2016-06-17,4.4363
2016-06-20,4.3945
2016-06-21,4.3935
2016-06-22,4.39
2016-06-23,4.3806
2016-06-24,4.4526
2016-06-27,4.4485
2016-06-28,4.4244
2016-06-29,4.414
2016-06-30,4.4255
2016-07-01,4.3921
2016-07-04,4.4304
2016-07-05,4.4501
2016-07-06,4.4469
2016-07-07,4.438
2016-07-08,4.4295
2016-07-11,4.417
2016-07-12,4.4224
2016-07-13,4.4016
2016-07-14,4.407
2016-07-15,4.4121
2016-07-18,4.4032
2016-07-19,4.3811
2016-07-20,4.3776
2016-07-21,4.3706
2016-07-22,4.3564
2016-07-25,4.36
2016-07-26,4.3694
2016-07-27,4.3695
2016-07-28,4.3736
2016-07-29,4.3684
2016-08-01,4.3576
2016-08-02,4.3484
2016-08-03,4.3135
2016-08-04,4.2971
2016-08-05,4.2975
2016-08-08,4.2912
2016-08-09,4.2693
2016-08-10,4.2632
2016-08-11,4.2674
2016-08-12,4.2626
2016-08-16,4.27
2016-08-17,4.2863
2016-08-18,4.2837
2016-08-19,4.2884
2016-08-22,4.303
2016-08-23,4.3139
2016-08-24,4.3116
2016-08-25,4.3095
2016-08-26,4.327
2016-08-29,4.3395
2016-08-30,4.3395
2016-08-31,4.3555
2016-09-01,4.3607
2016-09-02,4.3796
2016-09-05,4.348
2016-09-06,4.3396
2016-09-07,4.3289
2016-09-08,4.3122
2016-09-09,4.3264
2016-09-12,4.346
2016-09-13,4.352
2016-09-14,4.3455
2016-09-15,4.3356
2016-09-16,4.3244
2016-09-19,4.3071
2016-09-20,4.3019
2016-09-21,4.3034
2016-09-22,4.2856
2016-09-23,4.2939
2016-09-26,4.3075
2016-09-27,4.2972
2016-09-28,4.2918
2016-09-29,4.3014
2016-09-30,4.312
2016-10-03,4.2976
2016-10-04,4.2984
2016-10-05,4.3014
2016-10-06,4.2974
2016-10-07,4.2853
2016-10-10,4.2835
2016-10-11,4.2767
2016-10-12,4.2825
2016-10-13,4.3065
2016-10-14,4.2955
2016-10-17,4.3142
2016-10-18,4.3137
2016-10-19,4.3204
2016-10-20,4.3189
2016-10-21,4.33
2016-10-24,4.3225
2016-10-25,4.3058
2016-10-26,4.3178
2016-10-27,4.3388
2016-10-28,4.3293
2016-10-31,4.3267
2016-11-02,4.3169
2016-11-03,4.3238
2016-11-04,4.3133
2016-11-07,4.3283
2016-11-08,4.3285
2016-11-09,4.3455
2016-11-10,4.3424
2016-11-14,4.3892
2016-11-15,4.4098
2016-11-16,4.4345
2016-11-17,4.4386
2016-11-18,4.4484
2016-11-21,4.439
2016-11-22,4.4199
2016-11-23,4.4131
2016-11-24,4.4261
2016-11-25,4.4106
2016-11-28,4.419
2016-11-29,4.4328
2016-11-30,4.4384
2016-12-01,4.462
2016-12-02,4.4885
2016-12-05,4.4897
2016-12-06,4.5035
2016-12-07,4.4232
2016-12-08,4.4401
2016-12-09,4.4385
2016-12-12,4.4583
2016-12-13,4.4505
2016-12-14,4.4389
2016-12-15,4.4453
2016-12-16,4.4253
2016-12-19,4.4157
2016-12-20,4.4128
2016-12-21,4.418
2016-12-22,4.4089
2016-12-23,4.4126
2016-12-27,4.4022
2016-12-28,4.4127
2016-12-29,4.4131
2016-12-30,4.424
2017-01-02,4.4157
2017-01-03,4.4002
2017-01-04,4.3877
2017-01-05,4.3766
2017-01-09,4.3783
2017-01-10,4.3735
2017-01-11,4.3684
2017-01-12,4.3728
2017-01-13,4.373
2017-01-16,4.3792
2017-01-17,4.3771
2017-01-18,4.3705
2017-01-19,4.3741
2017-01-20,4.3658
2017-01-23,4.3725
2017-01-24,4.372
2017-01-25,4.3636
2017-01-26,4.352
2017-01-27,4.3413
2017-01-30,4.3291
2017-01-31,4.3308
2017-02-01,4.3221
2017-02-02,4.3084
2017-02-03,4.2985
2017-02-06,4.2864
2017-02-07,4.2943
2017-02-08,4.3128
2017-02-09,4.3162
2017-02-10,4.303
2017-02-13,4.3077
2017-02-14,4.3025
2017-02-15,4.3025
2017-02-16,4.316
2017-02-17,4.3314
2017-02-20,4.3227
2017-02-21,4.3163
2017-02-22,4.2977
2017-02-23,4.3076
2017-02-24,4.3102
2017-02-27,4.3135
2017-02-28,4.3166
2017-03-01,4.297
2017-03-02,4.2912
2017-03-03,4.3078
2017-03-06,4.31
2017-03-07,4.3115
2017-03-08,4.3087
2017-03-09,4.3146
2017-03-10,4.326
2017-03-13,4.346
2017-03-14,4.3295
2017-03-15,4.3208
2017-03-16,4.3165
2017-03-17,4.3013
2017-03-20,4.2821
2017-03-21,4.2635
2017-03-22,4.2855
2017-03-23,4.275
2017-03-24,4.2658
2017-03-27,4.263
2017-03-28,4.2529
2017-03-29,4.236
2017-03-30,4.2292
2017-03-31,4.2198
2017-04-03,4.2327
2017-04-04,4.2525
2017-04-05,4.2464
2017-04-06,4.2412
2017-04-07,4.2273
2017-04-10,4.2301
2017-04-11,4.2415
2017-04-12,4.2505
2017-04-13,4.245
2017-04-14,4.2395
2017-04-18,4.2401
2017-04-19,4.2404
2017-04-20,4.2631
2017-04-21,4.2705
2017-04-24,4.241
2017-04-25,4.2346
2017-04-26,4.2255
2017-04-27,4.2296
2017-04-28,4.217
2017-05-02,4.2226
2017-05-04,4.2177
2017-05-05,4.2176
2017-05-08,4.2059
2017-05-09,4.2253
2017-05-10,4.2155
2017-05-11,4.215
2017-05-12,4.22
2017-05-15,4.2096
2017-05-16,4.1902
2017-05-17,4.1912
2017-05-18,4.22
2017-05-19,4.2069
2017-05-22,4.1907
2017-05-23,4.2018
2017-05-24,4.1985
2017-05-25,4.1796
2017-05-26,4.1803
2017-05-29,4.1794
2017-05-30,4.1739
2017-05-31,4.1737
2017-06-01,4.1834
2017-06-02,4.1882
2017-06-05,4.1781
2017-06-06,4.1916
2017-06-07,4.1943
2017-06-08,4.2071
2017-06-09,4.1877
2017-06-12,4.1927
2017-06-13,4.1921
2017-06-14,4.2025
2017-06-16,4.2181
2017-06-19,4.2112
2017-06-20,4.2248
2017-06-21,4.2442
2017-06-22,4.2442
2017-06-23,4.2255
2017-06-26,4.2117
2017-06-27,4.212
2017-06-28,4.2317
2017-06-29,4.2412
2017-06-30,4.2265
2017-07-03,4.2331
2017-07-04,4.2428
2017-07-05,4.2501
2017-07-06,4.2388
2017-07-07,4.2337
2017-07-10,4.2348
2017-07-11,4.2435
2017-07-12,4.2432
2017-07-13,4.2345
2017-07-14,4.2194
2017-07-17,4.2091
2017-07-18,4.2032
2017-07-19,4.2057
2017-07-20,4.2117
2017-07-21,4.2311
2017-07-24,4.2413
2017-07-25,4.2559
2017-07-26,4.2611
2017-07-27,4.265
2017-07-28,4.2617
2017-07-31,4.2545
2017-08-01,4.2548
2017-08-02,4.2515
2017-08-03,4.2538
2017-08-04,4.2423
2017-08-07,4.2469
2017-08-08,4.2541
2017-08-09,4.2638
2017-08-10,4.2709
2017-08-11,4.2851
2017-08-14,4.2823
2017-08-16,4.2724
2017-08-17,4.2541
2017-08-18,4.2826
2017-08-21,4.2747
2017-08-22,4.2772
2017-08-23,4.2767
2017-08-24,4.2827
2017-08-25,4.26
2017-08-28,4.264
2017-08-29,4.2661
2017-08-30,4.261
2017-08-31,4.2618
2017-09-01,4.2457
2017-09-04,4.257
2017-09-05,4.2361
2017-09-06,4.2446
2017-09-07,4.2466
2017-09-08,4.2511
2017-09-11,4.2426
2017-09-12,4.2511
2017-09-13,4.2677
2017-09-14,4.2837
2017-09-15,4.2781
2017-09-18,4.2835
2017-09-19,4.293
2017-09-20,4.2769
2017-09-21,4.2863
2017-09-22,4.2746
2017-09-25,4.2698
2017-09-26,4.282
2017-09-27,4.3012
2017-09-28,4.3166
2017-09-29,4.3091
2017-10-02,4.3137
2017-10-03,4.3105
2017-10-04,4.3025
2017-10-05,4.2985
2017-10-06,4.3042
2017-10-09,4.3121
2017-10-10,4.2952
2017-10-11,4.2836
2017-10-12,4.2705
2017-10-13,4.2603
2017-10-16,4.2449
2017-10-17,4.2313
2017-10-18,4.2293
2017-10-19,4.2381
2017-10-20,4.2452
2017-10-23,4.2359
2017-10-24,4.2382
2017-10-25,4.237
2017-10-26,4.2458
2017-10-27,4.252
2017-10-30,4.2403
2017-10-31,4.2498
2017-11-02,4.2336
2017-11-03,4.2406
2017-11-06,4.2449
2017-11-07,4.2397
2017-11-08,4.2423
2017-11-09,4.2308
2017-11-10,4.2299
2017-11-13,4.2352
2017-11-14,4.2332
2017-11-15,4.2487
2017-11-16,4.2346
2017-11-17,4.2419
2017-11-20,4.2351
2017-11-21,4.2296
2017-11-22,4.2183
2017-11-23,4.2108
2017-11-24,4.2116
2017-11-27,4.2086
2017-11-28,4.2074
2017-11-29,4.1991
2017-11-30,4.2055
2017-12-01,4.2078
2017-12-04,4.2082
2017-12-05,4.2024
2017-12-06,4.2154
2017-12-07,4.2115
2017-12-08,4.2026
2017-12-11,4.2038
2017-12-12,4.2077
2017-12-13,4.2155
2017-12-14,4.2216
2017-12-15,4.2217
2017-12-18,4.2134
2017-12-19,4.2011
2017-12-20,4.1975
2017-12-21,4.2018
2017-12-22,4.1935
2017-12-27,4.1909
2017-12-28,4.1815
2017-12-29,4.1709
2018-01-02,4.1701
2018-01-03,4.1673
2018-01-04,4.1515
2018-01-05,4.1544
2018-01-08,4.1647
2018-01-09,4.1779
2018-01-10,4.1784
2018-01-11,4.1758
2018-01-12,4.1669
2018-01-15,4.1696
2018-01-16,4.1825
2018-01-17,4.1739
2018-01-18,4.1663
2018-01-19,4.175
2018-01-22,4.1696
2018-01-23,4.1712
2018-01-24,4.1637
2018-01-25,4.1493
2018-01-26,4.1477
2018-01-29,4.1423
2018-01-30,4.1461
2018-01-31,4.1488
2018-02-01,4.1504
2018-02-02,4.1615
2018-02-05,4.1585
2018-02-06,4.1547
2018-02-07,4.1593
2018-02-08,4.1733
2018-02-09,4.2024
2018-02-12,4.1846
2018-02-13,4.1764
2018-02-14,4.1716
2018-02-15,4.153
2018-02-16,4.1559
2018-02-19,4.1467
2018-02-20,4.1472
2018-02-21,4.1562
2018-02-22,4.1811
2018-02-23,4.1738
2018-02-26,4.1717
2018-02-27,4.17
2018-02-28,4.1779
2018-03-01,4.1854
2018-03-02,4.1986
2018-03-05,4.1895
2018-03-06,4.1891
2018-03-07,4.1922
2018-03-08,4.2024
2018-03-09,4.1989
2018-03-12,4.1942
2018-03-13,4.2097
2018-03-14,4.2114
2018-03-15,4.2168
2018-03-16,4.2162
2018-03-19,4.2176
2018-03-20,4.2242
2018-03-21,4.2416
2018-03-22,4.2261
2018-03-23,4.2295
2018-03-26,4.2316
2018-03-27,4.2164
2018-03-28,4.2097
2018-03-29,4.2093
2018-03-30,4.2085
2018-04-03,4.2094
2018-04-04,4.2065
2018-04-05,4.207
2018-04-06,4.1984
2018-04-09,4.1967
2018-04-10,4.199
2018-04-11,4.1911
2018-04-12,4.1882
2018-04-13,4.1769
2018-04-16,4.1628
2018-04-17,4.1582
2018-04-18,4.1677
2018-04-19,4.1665
2018-04-20,4.1724
2018-04-23,4.1802
2018-04-24,4.198
2018-04-25,4.2159
2018-04-26,4.2392
2018-04-27,4.2259
2018-04-30,4.2204
2018-05-02,4.2675
2018-05-04,4.2771
2018-05-07,4.2513
2018-05-08,4.2662
2018-05-09,4.279
2018-05-10,4.2473
2018-05-11,4.2569
2018-05-14,4.2615
2018-05-15,4.2823
2018-05-16,4.2893
2018-05-17,4.2868
2018-05-18,4.2958
2018-05-21,4.2991
2018-05-22,4.2812
2018-05-23,4.3037
2018-05-24,4.2953
2018-05-25,4.3022
2018-05-28,4.3031
2018-05-29,4.3056
2018-05-30,4.3195
2018-06-01,4.3146
2018-06-04,4.2931
2018-06-05,4.2804
2018-06-06,4.2829
2018-06-07,4.2634
2018-06-08,4.2912
2018-06-11,4.2717
2018-06-12,4.2776
2018-06-13,4.282
2018-06-14,4.2757
2018-06-15,4.2802
2018-06-18,4.2887
2018-06-19,4.3113
2018-06-20,4.3171
2018-06-21,4.3323
2018-06-22,4.3149
2018-06-25,4.3242
2018-06-26,4.3372
2018-06-27,4.343
2018-06-28,4.3566
2018-06-29,4.3616
2018-07-02,4.3899
2018-07-03,4.3978
2018-07-04,4.3969
2018-07-05,4.3833
2018-07-06,4.36
2018-07-09,4.338
2018-07-10,4.3356
2018-07-11,4.3322
2018-07-12,4.3262
2018-07-13,4.3302
2018-07-16,4.3076
2018-07-17,4.2998
2018-07-18,4.3036
2018-07-19,4.3155
2018-07-20,4.3275
2018-07-23,4.3262
2018-07-24,4.3256
2018-07-25,4.3035
2018-07-26,4.2927
2018-07-27,4.2945
2018-07-30,4.2836
2018-07-31,4.2779
2018-08-01,4.2758
2018-08-02,4.2745
2018-08-03,4.2758
2018-08-06,4.2672
2018-08-07,4.2554
2018-08-08,4.2619
2018-08-09,4.2715
2018-08-10,4.2942
2018-08-13,4.3094
2018-08-14,4.3001
2018-08-16,4.3105
2018-08-17,4.3061
2018-08-20,4.2997
2018-08-21,4.3101
2018-08-22,4.2937
2018-08-23,4.2868
2018-08-24,4.2801
2018-08-27,4.2748
2018-08-28,4.2732
2018-08-29,4.2871
2018-08-30,4.2917
2018-08-31,4.2953
2018-09-03,4.2954
2018-09-04,4.3073
2018-09-05,4.3183
2018-09-06,4.3218
2018-09-07,4.3079
2018-09-10,4.3138
2018-09-11,4.3077
2018-09-12,4.3103
2018-09-13,4.3126
2018-09-14,4.3093
2018-09-17,4.2968
2018-09-18,4.303
2018-09-19,4.2929
2018-09-20,4.2912
2018-09-21,4.2929
2018-09-24,4.3092
2018-09-25,4.2939
2018-09-26,4.2865
2018-09-27,4.2814
2018-09-28,4.2714
2018-10-01,4.2795
2018-10-02,4.2975
2018-10-03,4.2949
2018-10-04,4.309
2018-10-05,4.3117
2018-10-08,4.3112
2018-10-09,4.319
2018-10-10,4.3082
2018-10-11,4.3179
2018-10-12,4.3022
2018-10-15,4.2927
2018-10-16,4.2919
2018-10-17,4.2936
2018-10-18,4.2966
2018-10-19,4.3049
2018-10-22,4.2922
2018-10-23,4.2984
2018-10-24,4.3036
2018-10-25,4.3123
2018-10-26,4.3125
2018-10-29,4.3164
2018-10-30,4.3258
2018-10-31,4.3313
2018-11-02,4.3244
2018-11-05,4.3144
2018-11-06,4.3115
2018-11-07,4.2972
2018-11-08,4.2951
2018-11-09,4.2901
2018-11-12,4.2962
2018-11-13,4.2994
2018-11-14,4.2954
2018-11-15,4.297
2018-11-16,4.295
2018-11-19,4.3242
2018-11-20,4.3314
2018-11-21,4.307
2018-11-22,4.3064
2018-11-23,4.2972
2018-11-26,4.2883
2018-11-27,4.2919
2018-11-28,4.2994
2018-11-29,4.29
2018-11-30,4.2904
2018-12-03,4.2818
2018-12-04,4.281
2018-12-05,4.2896
2018-12-06,4.2919
2018-12-07,4.2845
2018-12-10,4.2911
2018-12-11,4.2982
2018-12-12,4.2993
2018-12-13,4.2937
2018-12-14,4.3021
2018-12-17,4.2906
2018-12-18,4.2853
2018-12-19,4.2846
2018-12-20,4.2849
2018-12-21,4.2889
2018-12-24,4.2832
2018-12-27,4.286
2018-12-28,4.2969
2018-12-31,4.3
2019-01-02,4.3016
2019-01-03,4.303
2019-01-04,4.3018
2019-01-07,4.2989
2019-01-08,4.3013
2019-01-09,4.2989
2019-01-10,4.3055
2019-01-11,4.2957
2019-01-14,4.2936
2019-01-15,4.2922
2019-01-16,4.2929
2019-01-17,4.2875
2019-01-18,4.2964
2019-01-21,4.2928
2019-01-22,4.2862
2019-01-23,4.2867
2019-01-24,4.2942
2019-01-25,4.2935
2019-01-28,4.2885
2019-01-29,4.2974
2019-01-30,4.2952
2019-01-31,4.2802
2019-02-01,4.2706
2019-02-04,4.2813
2019-02-05,4.2869
2019-02-06,4.2936
2019-02-07,4.3019
2019-02-08,4.3082
2019-02-11,4.3172
2019-02-12,4.3268
2019-02-13,4.3312
2019-02-14,4.3394
2019-02-15,4.3243
2019-02-18,4.3317
2019-02-19,4.3303
2019-02-20,4.3371
2019-02-21,4.3322
2019-02-22,4.3387
2019-02-25,4.3402
2019-02-26,4.3338
2019-02-27,4.3173
2019-02-28,4.312
2019-03-01,4.3079
2019-03-04,4.2984
2019-03-05,4.3018
2019-03-06,4.2992
2019-03-07,4.3019
2019-03-08,4.3068
2019-03-11,4.2983
2019-03-12,4.2976
2019-03-13,4.3006
2019-03-14,4.3015
2019-03-15,4.3037
2019-03-18,4.2993
2019-03-19,4.294
2019-03-20,4.2864
2019-03-21,4.287
2019-03-22,4.2894
2019-03-25,4.2978
2019-03-26,4.297
2019-03-27,4.2991
2019-03-28,4.2998
2019-03-29,4.3013
2019-04-01,4.3035
2019-04-02,4.3004
2019-04-03,4.2941
2019-04-04,4.2921
2019-04-05,4.2921
2019-04-08,4.2897
2019-04-09,4.2871
2019-04-10,4.2852
2019-04-11,4.2821
2019-04-12,4.2847
2019-04-15,4.277
2019-04-16,4.2737
2019-04-17,4.275
2019-04-18,4.279
2019-04-19,4.2802
2019-04-23,4.2886
2019-04-24,4.2895
2019-04-25,4.2959
2019-04-26,4.2906
2019-04-29,4.295
2019-04-30,4.2911
2019-05-02,4.2795
2019-05-06,4.2847
2019-05-07,4.2858
2019-05-08,4.2914
2019-05-09,4.2977
2019-05-10,4.2955
2019-05-13,4.3029
2019-05-14,4.3085
2019-05-15,4.3128
2019-05-16,4.2929
2019-05-17,4.3072
2019-05-20,4.2995
2019-05-21,4.3055
2019-05-22,4.3098
2019-05-23,4.3107
2019-05-24,4.2989
2019-05-27,4.2952
2019-05-28,4.2967
2019-05-29,4.3007
2019-05-30,4.2919
2019-05-31,4.2916
2019-06-03,4.2809
2019-06-04,4.2788
2019-06-05,4.2782
2019-06-06,4.2783
2019-06-07,4.2762
2019-06-10,4.264
2019-06-11,4.2675
2019-06-12,4.265
2019-06-13,4.261
2019-06-14,4.2554
2019-06-17,4.2599
2019-06-18,4.2631
2019-06-19,4.2673
2019-06-21,4.2622
2019-06-24,4.2538
2019-06-25,4.2554
2019-06-26,4.2642
2019-06-27,4.2561
2019-06-28,4.252
2019-07-01,4.2406
2019-07-02,4.2457
2019-07-03,4.2442
2019-07-04,4.2427
2019-07-05,4.2445
2019-07-08,4.2519
2019-07-09,4.2637
2019-07-10,4.2729
2019-07-11,4.2682
2019-07-12,4.2669
2019-07-15,4.2673
2019-07-16,4.2582
2019-07-17,4.2644
2019-07-18,4.2635
2019-07-19,4.2592
2019-07-22,4.248
2019-07-23,4.2492
2019-07-24,4.2581
2019-07-25,4.2514
2019-07-26,4.2645
2019-07-29,4.2773
2019-07-30,4.2906
2019-07-31,4.2911
2019-08-01,4.2931
2019-08-02,4.3085
2019-08-05,4.3182
2019-08-06,4.3096
2019-08-07,4.3194
2019-08-08,4.322
2019-08-09,4.3225
2019-08-12,4.3262
2019-08-13,4.3327
2019-08-14,4.3463
2019-08-16,4.3543
2019-08-19,4.3519
2019-08-20,4.3656
2019-08-21,4.3513
2019-08-22,4.366
2019-08-23,4.3572
2019-08-26,4.3719
2019-08-27,4.3684
2019-08-28,4.3857
2019-08-29,4.3845
2019-08-30,4.3844
2019-09-02,4.3691
2019-09-03,4.3667
2019-09-04,4.3385
2019-09-05,4.3409
2019-09-06,4.3392
2019-09-09,4.3373
2019-09-10,4.335
2019-09-11,4.3357
2019-09-12,4.34
2019-09-13,4.3396
2019-09-16,4.3262
2019-09-17,4.341
2019-09-18,4.3419
2019-09-19,4.3425
2019-09-20,4.3438
2019-09-23,4.3891
2019-09-24,4.3796
2019-09-25,4.3844
2019-09-26,4.3861
2019-09-27,4.3866
2019-09-30,4.3736
2019-10-01,4.3734
2019-10-02,4.3788
2019-10-03,4.3475
2019-10-04,4.3311
2019-10-07,4.3304
2019-10-08,4.331
2019-10-09,4.3257
2019-10-10,4.3217
2019-10-11,4.3097
2019-10-14,4.2969
2019-10-15,4.2949
2019-10-16,4.297
2019-10-17,4.2849
2019-10-18,4.2844
2019-10-21,4.2775
2019-10-22,4.2792
2019-10-23,4.2778
2019-10-24,4.28
2019-10-25,4.2762
2019-10-28,4.2732
2019-10-29,4.2757
2019-10-30,4.2655
2019-10-31,4.2617
2019-11-04,4.2539
2019-11-05,4.2631
2019-11-06,4.2697
2019-11-07,4.2653
2019-11-08,4.2638
2019-11-12,4.2788
2019-11-13,4.285
2019-11-14,4.2916
2019-11-15,4.2807
2019-11-18,4.2884
2019-11-19,4.2928
2019-11-20,4.2917
2019-11-21,4.2948
2019-11-22,4.2975
2019-11-25,4.299
2019-11-26,4.2999
2019-11-27,4.3107
2019-11-28,4.323
2019-11-29,4.3236
2019-12-02,4.3008
2019-12-03,4.29
2019-12-04,4.2792
2019-12-05,4.2777
2019-12-06,4.2721
2019-12-09,4.283
2019-12-10,4.288
2019-12-11,4.2851
2019-12-12,4.2846
2019-12-13,4.2747
2019-12-16,4.2659
2019-12-17,4.2605
2019-12-18,4.2644
2019-12-19,4.2632
2019-12-20,4.2604
2019-12-23,4.2554
2019-12-24,4.2624
2019-12-27,4.2624
2019-12-30,4.2588
2019-12-31,4.2585
2020-01-02,4.2571
2020-01-03,4.2569
2020-01-07,4.2347
2020-01-08,4.2465
2020-01-09,4.2459
2020-01-10,4.2467
2020-01-13,4.2353
2020-01-14,4.2323
2020-01-15,4.2279
2020-01-16,4.2348
2020-01-17,4.2344
2020-01-20,4.2447
2020-01-21,4.2459
2020-01-22,4.237
2020-01-23,4.2463
2020-01-24,4.2461
2020-01-27,4.2679
2020-01-28,4.2794
2020-01-29,4.2766
2020-01-30,4.2813
2020-01-31,4.301
2020-02-03,4.3034
2020-02-04,4.2867
2020-02-05,4.262
2020-02-06,4.2535
2020-02-07,4.2664
2020-02-10,4.2699
2020-02-11,4.2609
2020-02-12,4.2599
2020-02-13,4.2557
2020-02-14,4.2402
2020-02-17,4.2502
2020-02-18,4.2714
2020-02-19,4.2732
2020-02-20,4.2789
2020-02-21,4.2831
2020-02-24,4.3017
2020-02-25,4.2996
2020-02-26,4.3093
2020-02-27,4.31
2020-02-28,4.3355
2020-03-02,4.3237
2020-03-03,4.3173
2020-03-04,4.2993
2020-03-05,4.2994
2020-03-06,4.3178
2020-03-09,4.3176
2020-03-10,4.32
2020-03-11,4.3167
2020-03-12,4.3451
2020-03-13,4.3618
2020-03-16,4.3911
2020-03-17,4.4886
2020-03-18,4.4806
2020-03-19,4.5917
2020-03-20,4.5459
2020-03-23,4.5571
2020-03-24,4.6044
2020-03-25,4.5779
2020-03-26,4.5962
2020-03-27,4.5246
2020-03-30,4.5395
2020-03-31,4.5523
2020-04-01,4.5694
2020-04-02,4.5769
2020-04-03,4.5792
2020-04-06,4.5612
2020-04-07,4.5342
2020-04-08,4.5362
2020-04-09,4.537
2020-04-10,4.5484
2020-04-14,4.5512
2020-04-15,4.5389
2020-04-16,4.5326
2020-04-17,4.5367
2020-04-20,4.5175
2020-04-21,4.5276
2020-04-22,4.5329
2020-04-23,4.5444
2020-04-24,4.533
2020-04-27,4.524
2020-04-28,4.5399
2020-04-29,4.5432
2020-04-30,4.5424
2020-05-04,4.5582
2020-05-05,4.5476
2020-05-06,4.539
2020-05-07,4.5505
2020-05-08,4.5577
2020-05-11,4.5572
2020-05-12,4.5549
2020-05-13,4.5661
2020-05-14,4.5693
2020-05-15,4.5552
2020-05-18,4.5644
2020-05-19,4.561
2020-05-20,4.554
2020-05-21,4.5365
2020-05-22,4.5234
2020-05-25,4.5111
2020-05-26,4.48
2020-05-27,4.4378
2020-05-28,4.4264
2020-05-29,4.4503
2020-06-01,4.4202
2020-06-02,4.3902
2020-06-03,4.3859
2020-06-04,4.4347
2020-06-05,4.4443
2020-06-08,4.4291
2020-06-09,4.4436
2020-06-10,4.4544
2020-06-12,4.4506
2020-06-15,4.4403
2020-06-16,4.4278
2020-06-17,4.4503
2020-06-18,4.4534
2020-06-19,4.4573
2020-06-22,4.4524
2020-06-23,4.4386
2020-06-24,4.4532
2020-06-25,4.4495
2020-06-26,4.4616
2020-06-29,4.4631
2020-06-30,4.466
2020-07-01,4.4465
2020-07-02,4.4659
2020-07-03,4.4671
2020-07-06,4.4697
2020-07-07,4.471
2020-07-08,4.4739
2020-07-09,4.4738
2020-07-10,4.4745
2020-07-13,4.4745
2020-07-14,4.4916
2020-07-15,4.4738
2020-07-16,4.4913
2020-07-17,4.4827
2020-07-20,4.4683
2020-07-21,4.4417
2020-07-22,4.4401
2020-07-23,4.4108
2020-07-24,4.4117
2020-07-27,4.4023
2020-07-28,4.3987
2020-07-29,4.4194
2020-07-30,4.409
2020-07-31,4.4072
2020-08-03,4.4168
2020-08-04,4.406
2020-08-05,4.3979
2020-08-06,4.4101
2020-08-07,4.4139
2020-08-10,4.4023
2020-08-11,4.4016
2020-08-12,4.4123
2020-08-13,4.4011
2020-08-14,4.3988
2020-08-17,4.3892
2020-08-18,4.3953
2020-08-19,4.3864
2020-08-20,4.3991
2020-08-21,4.3902
2020-08-24,4.4064
2020-08-25,4.3915
2020-08-26,4.4032
2020-08-27,4.4124
2020-08-28,4.4043
2020-08-31,4.3969
2020-09-01,4.3946
2020-09-02,4.4097
2020-09-03,4.4181
2020-09-04,4.4508
2020-09-07,4.457
2020-09-08,4.4461
2020-09-09,4.455
2020-09-10,4.4504
2020-09-11,4.4504
2020-09-14,4.449
2020-09-15,4.4492
2020-09-16,4.4528
2020-09-17,4.4514
2020-09-18,4.4574
2020-09-21,4.48
2020-09-22,4.5055
2020-09-23,4.4946
2020-09-24,4.5272
2020-09-25,4.5477
2020-09-28,4.5497
2020-09-29,4.5834
2020-09-30,4.5268
2020-10-01,4.5153
2020-10-02,4.494
2020-10-05,4.4944
2020-10-06,4.4961
2020-10-07,4.4832
2020-10-08,4.49
2020-10-09,4.4745
2020-10-12,4.4798
2020-10-13,4.4737
2020-10-14,4.4963
2020-10-15,4.5545
2020-10-16,4.5621
2020-10-19,4.5498
2020-10-20,4.5865
2020-10-21,4.5869
2020-10-22,4.5877
2020-10-23,4.5772
2020-10-26,4.5774
2020-10-27,4.589
2020-10-28,4.6189
2020-10-29,4.633
2020-10-30,4.6188
2020-11-02,4.6048
2020-11-03,4.5699
2020-11-04,4.5532
2020-11-05,4.5233
2020-11-06,4.5277
2020-11-09,4.487
2020-11-10,4.5063
2020-11-12,4.4868
2020-11-13,4.496
2020-11-16,4.4753
2020-11-17,4.4953
2020-11-18,4.4729
2020-11-19,4.4799
2020-11-20,4.4679
2020-11-23,4.468
2020-11-24,4.4714
2020-11-25,4.471
2020-11-26,4.4742
2020-11-27,4.4843
2020-11-30,4.4779
2020-12-01,4.4769
2020-12-02,4.4642
2020-12-03,4.4789
2020-12-04,4.4732
2020-12-07,4.4745
2020-12-08,4.4767
2020-12-09,4.4449
2020-12-10,4.4276
2020-12-11,4.4385
2020-12-14,4.4432
2020-12-15,4.4441
2020-12-16,4.4347
2020-12-17,4.4348
2020-12-18,4.4493
2020-12-21,4.5149
2020-12-22,4.5069
2020-12-23,4.5019
2020-12-24,4.5084
2020-12-28,4.4879
2020-12-29,4.5051
2020-12-30,4.5272
2020-12-31,4.6148
2021-01-04,4.5485
2021-01-05,4.5446
2021-01-07,4.4973
2021-01-08,4.5189
2021-01-11,4.5325
2021-01-12,4.5228
2021-01-13,4.5272
2021-01-14,4.5407
2021-01-15,4.548
2021-01-18,4.5473
2021-01-19,4.5342
2021-01-20,4.5237
2021-01-21,4.531
2021-01-22,4.5354
2021-01-25,4.5436
2021-01-26,4.5497
2021-01-27,4.5468
2021-01-28,4.5479
2021-01-29,4.5385
2021-02-01,4.5137
2021-02-02,4.5025
2021-02-03,4.4906
2021-02-04,4.4958
2021-02-05,4.4978
2021-02-08,4.4867
2021-02-09,4.4773
2021-02-10,4.4809
2021-02-11,4.5023
2021-02-12,4.5029
2021-02-15,4.4836
2021-02-16,4.4891
2021-02-17,4.4998
2021-02-18,4.4857
2021-02-19,4.4892
2021-02-22,4.4963
2021-02-23,4.5093
2021-02-24,4.5176
2021-02-25,4.5143
2021-02-26,4.5175
2021-03-01,4.5231
2021-03-02,4.5345
2021-03-03,4.5393
2021-03-04,4.554
2021-03-05,4.5793
2021-03-08,4.5903
2021-03-09,4.5844
2021-03-10,4.5718
2021-03-11,4.5805
2021-03-12,4.5909
2021-03-15,4.5836
2021-03-16,4.5949
2021-03-17,4.6065
2021-03-18,4.6224
2021-03-19,4.6226
2021-03-22,4.6138
2021-03-23,4.6073
2021-03-24,4.6273
2021-03-25,4.6358
2021-03-26,4.6353
2021-03-29,4.656
2021-03-30,4.6519
2021-03-31,4.6603
2021-04-01,4.6239
2021-04-02,4.5933
2021-04-06,4.6041
2021-04-07,4.5897
2021-04-08,4.5581
2021-04-09,4.5414
2021-04-12,4.533
2021-04-13,4.5627
2021-04-14,4.5552
2021-04-15,4.5546
2021-04-16,4.5481
2021-04-19,4.5474
2021-04-20,4.5541
2021-04-21,4.5567
2021-04-22,4.5562
2021-04-23,4.5649
2021-04-26,4.5565
2021-04-27,4.5613
2021-04-28,4.5811
2021-04-29,4.5782
2021-04-30,4.5654
2021-05-04,4.5539
2021-05-05,4.5752
2021-05-06,4.5829
2021-05-07,4.5764
2021-05-10,4.5631
2021-05-11,4.5628
2021-05-12,4.5453
2021-05-13,4.5447
2021-05-14,4.5316
2021-05-17,4.5298
2021-05-18,4.5272
2021-05-19,4.5306
2021-05-20,4.5189
2021-05-21,4.4958
2021-05-24,4.4877
2021-05-25,4.4806
2021-05-26,4.4914
2021-05-27,4.498
2021-05-28,4.4845
2021-05-31,4.4805
2021-06-01,4.4749
2021-06-02,4.4654
2021-06-04,4.4734
2021-06-07,4.4581
2021-06-08,4.4674
2021-06-09,4.4541
2021-06-10,4.48
2021-06-11,4.4723
2021-06-14,4.5027
2021-06-15,4.5306
2021-06-16,4.5285
2021-06-17,4.5309
2021-06-18,4.5503
2021-06-21,4.5442
2021-06-22,4.5366
2021-06-23,4.52
2021-06-24,4.5302
2021-06-25,4.5085
2021-06-28,4.5092
2021-06-29,4.5123
2021-06-30,4.5208
2021-07-01,4.5187
2021-07-02,4.5257
2021-07-05,4.5083
2021-07-06,4.5036
2021-07-07,4.5197
2021-07-08,4.5414
2021-07-09,4.5467
2021-07-12,4.5559
2021-07-13,4.5662
2021-07-14,4.5904
2021-07-15,4.5777
2021-07-16,4.5865
2021-07-19,4.5877
2021-07-20,4.5983
2021-07-21,4.5983
2021-07-22,4.5773
2021-07-23,4.5747
2021-07-26,4.5858
2021-07-27,4.5954
2021-07-28,4.5955
2021-07-29,4.5866
2021-07-30,4.5731
2021-08-02,4.5611
2021-08-03,4.5533
2021-08-04,4.5468
2021-08-05,4.5555
2021-08-06,4.5495
2021-08-09,4.5709
2021-08-10,4.5681
2021-08-11,4.5854
2021-08-12,4.59
2021-08-13,4.5718
2021-08-16,4.5651
2021-08-17,4.5691
2021-08-18,4.5547
2021-08-19,4.5843
2021-08-20,4.588
2021-08-23,4.5876
2021-08-24,4.5848
2021-08-25,4.5679
2021-08-26,4.5758
2021-08-27,4.5803
2021-08-30,4.5691
2021-08-31,4.5374
2021-09-01,4.5184
2021-09-02,4.5067
2021-09-03,4.5124
2021-09-06,4.5134
2021-09-07,4.5181
2021-09-08,4.5175
2021-09-09,4.5315
2021-09-10,4.5499
2021-09-13,4.5386
2021-09-14,4.5559
2021-09-15,4.5502
2021-09-16,4.5736
2021-09-17,4.5789
2021-09-20,4.5999
2021-09-21,4.6154
2021-09-22,4.6308
2021-09-23,4.6012
2021-09-24,4.6085
2021-09-27,4.5912
2021-09-28,4.6192
2021-09-29,4.6287
2021-09-30,4.6329
2021-10-01,4.5941
2021-10-04,4.5716
2021-10-05,4.6034
2021-10-06,4.6203
2021-10-07,4.5472
2021-10-08,4.5956
2021-10-11,4.612
2021-10-12,4.5859
2021-10-13,4.5806
2021-10-14,4.577
2021-10-15,4.5733
2021-10-18,4.5715
2021-10-19,4.5717
2021-10-20,4.5841
2021-10-21,4.593
2021-10-22,4.6072
2021-10-25,4.6018
2021-10-26,4.6134
2021-10-27,4.6165
2021-10-28,4.6284
2021-10-29,4.6208
2021-11-02,4.6129
2021-11-03,4.6
2021-11-04,4.5987
2021-11-05,4.6065
2021-11-08,4.595
2021-11-09,4.5942
2021-11-10,4.6007
2021-11-12,4.6412
2021-11-15,4.6365
2021-11-16,4.6652
2021-11-17,4.6614
2021-11-18,4.6592
2021-11-19,4.6844
2021-11-22,4.721
2021-11-23,4.7171
2021-11-24,4.6811
2021-11-25,4.6688
2021-11-26,4.7038
2021-11-29,4.6982
2021-11-30,4.6834
2021-12-01,4.6494
2021-12-02,4.6002
2021-12-03,4.5934
2021-12-06,4.5889
2021-12-07,4.5991
2021-12-08,4.5941
2021-12-09,4.6226
2021-12-10,4.6129
2021-12-13,4.6204
2021-12-14,4.6436
2021-12-15,4.6214
2021-12-16,4.6315
2021-12-17,4.6334
2021-12-20,4.6381
2021-12-21,4.6238
2021-12-22,4.6244
2021-12-23,4.6359
2021-12-24,4.6252
2021-12-27,4.6239
2021-12-28,4.6028
2021-12-29,4.5997
2021-12-30,4.5915
2021-12-31,4.5994
2022-01-03,4.5889
2022-01-04,4.5737
2022-01-05,4.5672
2022-01-07,4.5576
2022-01-10,4.5377
2022-01-11,4.5454
2022-01-12,4.5332
2022-01-13,4.527
2022-01-14,4.5372
2022-01-17,4.5201
2022-01-18,4.5275
2022-01-19,4.5279
2022-01-20,4.5201
2022-01-21,4.5303
2022-01-24,4.5358
2022-01-25,4.5821
2022-01-26,4.592
2022-01-27,4.5713
2022-01-28,4.5697
2022-01-31,4.5982
2022-02-01,4.582
2022-02-02,4.55
2022-02-03,4.5439
2022-02-04,4.5459
2022-02-07,4.555
2022-02-08,4.5274
2022-02-09,4.5167
2022-02-10,4.4879
2022-02-11,4.5163
2022-02-14,4.5743
2022-02-15,4.5091
2022-02-16,4.4916
2022-02-17,4.5088
2022-02-18,4.5256
2022-02-21,4.5193
2022-02-22,4.5416
2022-02-23,4.5352
2022-02-24,4.6284
2022-02-25,4.6608
2022-02-28,4.6909
2022-03-01,4.7241
2022-03-02,4.7989
2022-03-03,4.7931
2022-03-04,4.8363
2022-03-07,4.9647
2022-03-08,4.9121
2022-03-09,4.8429
2022-03-10,4.8013
2022-03-11,4.7924
2022-03-14,4.7465
2022-03-15,4.7311
2022-03-16,4.7055
2022-03-17,4.6876
2022-03-18,4.7221
2022-03-21,4.693
2022-03-22,4.6975
2022-03-23,4.7036
2022-03-24,4.7589
2022-03-25,4.7459
2022-03-28,4.702
2022-03-29,4.7144
2022-03-30,4.6507
2022-03-31,4.6525
2022-04-01,4.6428
2022-04-04,4.6373
2022-04-05,4.6317
2022-04-06,4.6539
2022-04-07,4.6478
2022-04-08,4.6405
2022-04-11,4.6451
2022-04-12,4.6626
2022-04-13,4.646
2022-04-14,4.6447
2022-04-15,4.6378
2022-04-19,4.6361
2022-04-20,4.6295
2022-04-21,4.6523
2022-04-22,4.6361
2022-04-25,4.6405
2022-04-26,4.6429
2022-04-27,4.7076
2022-04-28,4.6915
2022-04-29,4.6582
2022-05-02,4.6806
2022-05-04,4.6777
2022-05-05,4.6658
2022-05-06,4.6979
2022-05-09,4.7059
2022-05-10,4.6761
2022-05-11,4.67
2022-05-12,4.6841
2022-05-13,4.6679
2022-05-16,4.6724
2022-05-17,4.6558
2022-05-18,4.6528
2022-05-19,4.6429
2022-05-20,4.6366
2022-05-23,4.6171
2022-05-24,4.6107
2022-05-25,4.5955
2022-05-26,4.6135
2022-05-27,4.6102
2022-05-30,4.5869
2022-05-31,4.5756
2022-06-01,4.5891
2022-06-02,4.5876
2022-06-03,4.5908
2022-06-06,4.588
2022-06-07,4.5855
2022-06-08,4.5817
2022-06-09,4.5826
2022-06-10,4.603
2022-06-13,4.6313
2022-06-14,4.6548
2022-06-15,4.6642
2022-06-17,4.6951
2022-06-20,4.6731
2022-06-21,4.646
2022-06-22,4.659
2022-06-23,4.7096
2022-06-24,4.7094
2022-06-27,4.6965
2022-06-28,4.7004
2022-06-29,4.6809
2022-06-30,4.6806
2022-07-01,4.7176
2022-07-04,4.7002
2022-07-05,4.7358
2022-07-06,4.7942
2022-07-07,4.7965
2022-07-08,4.7958
2022-07-11,4.7976
2022-07-12,4.8337
2022-07-13,4.8399
2022-07-14,4.8371
2022-07-15,4.8115
2022-07-18,4.777
2022-07-19,4.7731
2022-07-20,4.7603
2022-07-21,4.7578
2022-07-22,4.7643
2022-07-25,4.7196
2022-07-26,4.7183
2022-07-27,4.7811
2022-07-28,4.7973
2022-07-29,4.7399
2022-08-01,4.7475
2022-08-02,4.7092
2022-08-03,4.7032
2022-08-04,4.723
2022-08-05,4.7053
2022-08-08,4.7013
2022-08-09,4.7021
2022-08-10,4.7138
2022-08-11,4.6745
2022-08-12,4.6832
2022-08-16,4.6928
2022-08-17,4.6921
2022-08-18,4.7244
2022-08-19,4.748
2022-08-22,4.7493
2022-08-23,4.7706
2022-08-24,4.7772
2022-08-25,4.7584
2022-08-26,4.7413
2022-08-29,4.7529
2022-08-30,4.7328
2022-08-31,4.7265
2022-09-01,4.7133
2022-09-02,4.7144
2022-09-05,4.7263
2022-09-06,4.7168
2022-09-07,4.7137
2022-09-08,4.7244
2022-09-09,4.7098
2022-09-12,4.7113
2022-09-13,4.7082
2022-09-14,4.7195
2022-09-15,4.7164
2022-09-16,4.7176
2022-09-19,4.7142
2022-09-20,4.7165
2022-09-21,4.7449
2022-09-22,4.7758
2022-09-23,4.7591
2022-09-26,4.7566
2022-09-27,4.7616
2022-09-28,4.8147
2022-09-29,4.8637
2022-09-30,4.8698
2022-10-03,4.8272
2022-10-04,4.8007
2022-10-05,4.8128
2022-10-06,4.8445
2022-10-07,4.8606
2022-10-10,4.8677
2022-10-11,4.8711
2022-10-12,4.8536
2022-10-13,4.8468
2022-10-14,4.833
2022-10-17,4.8229
2022-10-18,4.8092
2022-10-19,4.7997
2022-10-20,4.7955
2022-10-21,4.7804
2022-10-24,4.7866
2022-10-25,4.7805
2022-10-26,4.7723
2022-10-27,4.7504
2022-10-28,4.7199
2022-10-31,4.7089
2022-11-02,4.7039
2022-11-03,4.7101
2022-11-04,4.6898
2022-11-07,4.6858
2022-11-08,4.6912
2022-11-09,4.7037
2022-11-10,4.7146
2022-11-14,4.6794
2022-11-15,4.6985
2022-11-16,4.6942
2022-11-17,4.7039
2022-11-18,4.7067
2022-11-21,4.7035
2022-11-22,4.7075
2022-11-23,4.6958
2022-11-24,4.6993
2022-11-25,4.6884
2022-11-28,4.6835
2022-11-29,4.6813
2022-11-30,4.6684
2022-12-01,4.6892
2022-12-02,4.685
2022-12-05,4.6898
2022-12-06,4.6995
2022-12-07,4.6968
2022-12-08,4.6976
2022-12-09,4.6821
2022-12-12,4.6912
2022-12-13,4.6945
2022-12-14,4.6886
2022-12-15,4.6843
2022-12-16,4.6934
2022-12-19,4.6886
2022-12-20,4.6804
2022-12-21,4.6648
2022-12-22,4.6551
2022-12-23,4.6364
2022-12-27,4.6558
2022-12-28,4.6938
2022-12-29,4.6969
2022-12-30,4.6899
2023-01-02,4.6784
2023-01-03,4.68
2023-01-04,4.6688
2023-01-05,4.6709
2023-01-09,4.697
2023-01-10,4.6981
2023-01-11,4.6871
2023-01-12,4.6888
2023-01-13,4.6915
2023-01-16,4.7004
2023-01-17,4.6946
2023-01-18,4.7091
2023-01-19,4.7053
2023-01-20,4.7137
2023-01-23,4.7186
2023-01-24,4.7073
2023-01-25,4.7079
2023-01-26,4.7239
2023-01-27,4.7076
2023-01-30,4.716
2023-01-31,4.7089
2023-02-01,4.708
2023-02-02,4.7079
2023-02-03,4.692
2023-02-06,4.7195
2023-02-07,4.7476
2023-02-08,4.7402
2023-02-09,4.7363
2023-02-10,4.7716
2023-02-13,4.7895
2023-02-14,4.7847
2023-02-15,4.7593
2023-02-16,4.7728
2023-02-17,4.7747
2023-02-20,4.7542
2023-02-21,4.7469
2023-02-22,4.7538
2023-02-23,4.7525
2023-02-24,4.7245
2023-02-27,4.7162
2023-02-28,4.717
2023-03-01,4.6925
2023-03-02,4.675
2023-03-03,4.7046
2023-03-06,4.7073
2023-03-07,4.6871
2023-03-08,4.7018
2023-03-09,4.6836
2023-03-10,4.6838
2023-03-13,4.6848
2023-03-14,4.6909
2023-03-15,4.7015
2023-03-16,4.6978
2023-03-17,4.7062
2023-03-20,4.7109
2023-03-21,4.6981
2023-03-22,4.6888
2023-03-23,4.6817
2023-03-24,4.6911
2023-03-27,4.6856
2023-03-28,4.6816
2023-03-29,4.685
2023-03-30,4.6801
2023-03-31,4.6755
2023-04-03,4.6805
2023-04-04,4.6785
2023-04-05,4.6803
2023-04-06,4.6902
2023-04-07,4.6862
2023-04-11,4.681
2023-04-12,4.666
2023-04-13,4.6511
2023-04-14,4.6494
2023-04-17,4.6341
2023-04-18,4.6286
2023-04-19,4.6278
2023-04-20,4.6109
2023-04-21,4.6039
2023-04-24,4.6129
2023-04-25,4.598
2023-04-26,4.5887
2023-04-27,4.5915
2023-04-28,4.5889
2023-05-02,4.5892
2023-05-04,4.5868
2023-05-05,4.5885
2023-05-08,4.5671
2023-05-09,4.5683
2023-05-10,4.5488
2023-05-11,4.5259
2023-05-12,4.5444
2023-05-15,4.5096
2023-05-16,4.4904
2023-05-17,4.4945
2023-05-18,4.5355
2023-05-19,4.5367
2023-05-22,4.5269
2023-05-23,4.4981
2023-05-24,4.4803
2023-05-25,4.503
2023-05-26,4.5242
2023-05-29,4.5294
2023-05-30,4.522
2023-05-31,4.5376
2023-06-01,4.5312
2023-06-02,4.5148
2023-06-05,4.4851
2023-06-06,4.4902
2023-06-07,4.479
2023-06-09,4.4717
2023-06-12,4.4366
2023-06-13,4.4783
2023-06-14,4.4715
2023-06-15,4.4633
2023-06-16,4.4583
2023-06-19,4.4457
2023-06-20,4.4386
2023-06-21,4.4408
2023-06-22,4.4335
2023-06-23,4.4367
2023-06-26,4.4297
2023-06-27,4.4286
2023-06-28,4.46
2023-06-29,4.4568
2023-06-30,4.4503
2023-07-03,4.4321
2023-07-04,4.4273
2023-07-05,4.4498
2023-07-06,4.4754
2023-07-07,4.4803
2023-07-10,4.4553
2023-07-11,4.4426
2023-07-12,4.4471
2023-07-13,4.4336
2023-07-14,4.4486
2023-07-17,4.452
2023-07-18,4.4331
2023-07-19,4.4492
2023-07-20,4.4511
2023-07-21,4.4501
2023-07-24,4.4517
2023-07-25,4.4348
2023-07-26,4.4248
2023-07-27,4.4224
2023-07-28,4.4257
2023-07-31,4.4135
2023-08-01,4.419
2023-08-02,4.4484
2023-08-03,4.4585
2023-08-04,4.4438
2023-08-07,4.4279
2023-08-08,4.4375
2023-08-09,4.4586
2023-08-10,4.465
2023-08-11,4.4547
2023-08-14,4.4361
2023-08-16,4.4621
2023-08-17,4.4681
2023-08-18,4.4869
2023-08-21,4.4768
2023-08-22,4.4648
2023-08-23,4.4834
2023-08-24,4.473
2023-08-25,4.4674
2023-08-28,4.4716
2023-08-29,4.469
2023-08-30,4.474
2023-08-31,4.4684
2023-09-01,4.4762
2023-09-04,4.4653
2023-09-05,4.4764
2023-09-06,4.4974
2023-09-07,4.594
2023-09-08,4.6019
2023-09-11,4.6209
2023-09-12,4.6836
2023-09-13,4.6402
2023-09-14,4.6285
2023-09-15,4.6307
2023-09-18,4.6377
2023-09-19,4.6458
2023-09-20,4.6529
2023-09-21,4.621
2023-09-22,4.6069
2023-09-25,4.5892
2023-09-26,4.6077
2023-09-27,4.6065
2023-09-28,4.634
2023-09-29,4.6356
2023-10-02,4.6091
2023-10-03,4.6147
2023-10-04,4.6303
2023-10-05,4.5974
2023-10-06,4.5998
2023-10-09,4.5793
2023-10-10,4.5581
2023-10-11,4.5183
2023-10-12,4.5329
2023-10-13,4.5417
2023-10-16,4.4804
2023-10-17,4.4389
2023-10-18,4.4488
2023-10-19,4.4529
2023-10-20,4.4675
2023-10-23,4.4552
2023-10-24,4.4604
2023-10-25,4.4758
2023-10-26,4.4708
2023-10-27,4.4642
2023-10-30,4.4491
2023-10-31,4.4475
2023-11-02,4.4582
2023-11-03,4.4569
2023-11-06,4.4615
2023-11-07,4.4513
2023-11-08,4.4584
2023-11-09,4.4413
2023-11-10,4.4227
2023-11-13,4.4336
2023-11-14,4.4163
2023-11-15,4.39
2023-11-16,4.3854
2023-11-17,4.3767
2023-11-20,4.368
2023-11-21,4.3647
2023-11-22,4.3804
2023-11-23,4.3658
2023-11-24,4.3722
2023-11-27,4.3543
2023-11-28,4.3542
2023-11-29,4.3327
2023-11-30,4.3492
2023-12-01,4.3494
2023-12-04,4.3337
2023-12-05,4.3233
2023-12-06,4.3382
2023-12-07,4.3334
2023-12-08,4.3303
2023-12-11,4.3366
2023-12-12,4.3396
2023-12-13,4.3309
2023-12-14,4.3053
2023-12-15,4.3103
2023-12-18,4.3269
2023-12-19,4.3321
2023-12-20,4.3341
2023-12-21,4.3387
2023-12-22,4.3288
2023-12-27,4.3311
2023-12-28,4.3392
2023-12-29,4.348
2024-01-02,4.3434
2024-01-03,4.3646
2024-01-04,4.3525
2024-01-05,4.3484
2024-01-08,4.3548
2024-01-09,4.3351
2024-01-10,4.3413
2024-01-11,4.3505
2024-01-12,4.3574
2024-01-15,4.3748
2024-01-16,4.3934
2024-01-17,4.3978
2024-01-18,4.4016
2024-01-19,4.3846
2024-01-22,4.356
2024-01-23,4.3697
2024-01-24,4.3755
2024-01-25,4.379
2024-01-26,4.3802
2024-01-29,4.3653
2024-01-30,4.3634
2024-01-31,4.3434
2024-02-01,4.3247
2024-02-02,4.3173
2024-02-05,4.3278
2024-02-06,4.3435
2024-02-07,4.3466
2024-02-08,4.3449
2024-02-09,4.3167
2024-02-12,4.328
2024-02-13,4.3214
2024-02-14,4.3435
2024-02-15,4.3463
2024-02-16,4.3414
2024-02-19,4.339
2024-02-20,4.3186
2024-02-21,4.3163
2024-02-22,4.3199
2024-02-23,4.3326
2024-02-26,4.3117
2024-02-27,4.3067
2024-02-28,4.3116
2024-02-29,4.319
2024-03-01,4.3176
2024-03-04,4.3201
2024-03-05,4.3228
2024-03-06,4.3106
2024-03-07,4.3045
2024-03-08,4.3079
2024-03-11,4.2933
2024-03-12,4.2804
2024-03-13,4.2896
2024-03-14,4.287
2024-03-15,4.2929
2024-03-18,4.3086
2024-03-19,4.3201
2024-03-20,4.3242
2024-03-21,4.3031
2024-03-22,4.3186
2024-03-25,4.3091
2024-03-26,4.3093
2024-03-27,4.3153
2024-03-28,4.3191
2024-03-29,4.3009
2024-04-02,4.2934
2024-04-03,4.2923
2024-04-04,4.2921
2024-04-05,4.2883
2024-04-08,4.2805
2024-04-09,4.2588
2024-04-10,4.2641
2024-04-11,4.2649
2024-04-12,4.2666
2024-04-15,4.2851
2024-04-16,4.3197
2024-04-17,4.3353
2024-04-18,4.3309
2024-04-19,4.3316
2024-04-22,4.3203
2024-04-23,4.3335
2024-04-24,4.3177
2024-04-25,4.3198
2024-04-26,4.3225
2024-04-29,4.319
2024-04-30,4.3213
2024-05-02,4.3323
2024-05-06,4.3294
2024-05-07,4.3116
2024-05-08,4.3195
2024-05-09,4.2993
2024-05-10,4.2979
2024-05-13,4.2977
2024-05-14,4.2812
2024-05-15,4.2635
2024-05-16,4.2617
2024-05-17,4.2685
2024-05-20,4.2575
2024-05-21,4.2572
2024-05-22,4.2575
2024-05-23,4.2699
2024-05-24,4.2624
2024-05-27,4.2528
2024-05-28,4.2592
2024-05-29,4.2529
2024-05-31,4.2678
2024-06-03,4.2817
2024-06-04,4.2923
2024-06-05,4.3081
2024-06-06,4.2997
2024-06-07,4.2891
2024-06-10,4.3197
2024-06-11,4.3456
2024-06-12,4.3354
2024-06-13,4.3355
2024-06-14,4.3581
2024-06-17,4.3608
2024-06-18,4.3468
2024-06-19,4.3376
2024-06-20,4.3238
2024-06-21,4.3331
2024-06-24,4.3198
2024-06-25,4.2909
2024-06-26,4.3087
2024-06-27,4.3085
2024-06-28,4.313
2024-07-01,4.2981
2024-07-02,4.3286
2024-07-03,4.3021
2024-07-04,4.2975
2024-07-05,4.2858
2024-07-08,4.278
2024-07-09,4.2633
2024-07-10,4.2529
2024-07-11,4.2586
2024-07-12,4.2567
2024-07-15,4.2499
2024-07-16,4.2604
2024-07-17,4.2904
2024-07-18,4.2954
2024-07-19,4.293
2024-07-22,4.2797
2024-07-23,4.281
2024-07-24,4.2796
2024-07-25,4.2971
2024-07-26,4.2773
2024-07-29,4.2847
2024-07-30,4.2845
2024-07-31,4.2953
2024-08-01,4.2924
2024-08-02,4.2903
2024-08-05,4.3073
2024-08-06,4.313
2024-08-07,4.3158
2024-08-08,4.3225
2024-08-09,4.3238
2024-08-12,4.3123
2024-08-13,4.2945
2024-08-14,4.2933
2024-08-16,4.2732
2024-08-19,4.2693
2024-08-20,4.2665
2024-08-21,4.2879
2024-08-22,4.285
2024-08-23,4.2769
2024-08-26,4.2803
2024-08-27,4.2802
2024-08-28,4.2938
2024-08-29,4.2862
2024-08-30,4.2798
2024-09-02,4.2812
2024-09-03,4.2757
2024-09-04,4.2815
2024-09-05,4.2717
2024-09-06,4.279
2024-09-09,4.2818
2024-09-10,4.2827
2024-09-11,4.2864
2024-09-12,4.2986
2024-09-13,4.2883
2024-09-16,4.2753
2024-09-17,4.2748
2024-09-18,4.2691
2024-09-19,4.2693
2024-09-20,4.2779
2024-09-23,4.2785
2024-09-24,4.2668
2024-09-25,4.2634
2024-09-26,4.2665
2024-09-27,4.2761
2024-09-30,4.2791
2024-10-01,4.2846
2024-10-02,4.2952
2024-10-03,4.299
2024-10-04,4.313
2024-10-07,4.3185
2024-10-08,4.3203
2024-10-09,4.3026
2024-10-10,4.3029
2024-10-11,4.2926
2024-10-14,4.2928
2024-10-15,4.2913
2024-10-16,4.2955
2024-10-17,4.3174
2024-10-18,4.3048
2024-10-21,4.3178
2024-10-22,4.3159
2024-10-23,4.3344
2024-10-24,4.3396
2024-10-25,4.3533
2024-10-28,4.3478
2024-10-29,4.3542
2024-10-30,4.335
2024-10-31,4.353
2024-11-04,4.3443
2024-11-05,4.3607
2024-11-06,4.3662
2024-11-07,4.3431
2024-11-08,4.3244
2024-11-12,4.357
2024-11-13,4.3416
2024-11-14,4.3365
2024-11-15,4.3198
2024-11-18,4.332
2024-11-19,4.3308
2024-11-20,4.3404
2024-11-21,4.3469
2024-11-22,4.343
2024-11-25,4.3319
2024-11-26,4.3157
2024-11-27,4.309
2024-11-28,4.3085
2024-11-29,4.3043
2024-12-02,4.2923
2024-12-03,4.2927
2024-12-04,4.2899
2024-12-05,4.2695
2024-12-06,4.2669
2024-12-09,4.2581
2024-12-10,4.2672
2024-12-11,4.2661
2024-12-12,4.2818
2024-12-13,4.2722
2024-12-16,4.2622
2024-12-17,4.2599
2024-12-18,4.2628
2024-12-19,4.2633
2024-12-20,4.2572
2024-12-23,4.2621
2024-12-24,4.2739
2024-12-27,4.2747
2024-12-30,4.2738
2024-12-31,4.273
2025-01-02,4.2668
2025-01-03,4.2718
2025-01-07,4.2515
2025-01-08,4.2656
2025-01-09,4.2794
2025-01-10,4.2657
2025-01-13,4.2715
2025-01-14,4.2737
2025-01-15,4.2611
2025-01-16,4.262
2025-01-17,4.2691
2025-01-20,4.2587
2025-01-21,4.2554
2025-01-22,4.2461
2025-01-23,4.2182
2025-01-24,4.21
2025-01-27,4.2176
2025-01-28,4.2092
2025-01-29,4.2077
2025-01-30,4.2039
2025-01-31,4.213
2025-02-03,4.2305
2025-02-04,4.2249
2025-02-05,4.2059
2025-02-06,4.2073
2025-02-07,4.1898
2025-02-10,4.1872
2025-02-11,4.1783
2025-02-12,4.1721
2025-02-13,4.1652
2025-02-14,4.1632
2025-02-17,4.1635
2025-02-18,4.1574
2025-02-19,4.1582
2025-02-20,4.1723
2025-02-21,4.1705
2025-02-24,4.1609
2025-02-25,4.1339
2025-02-26,4.1394
2025-02-27,4.1371
2025-02-28,4.1575
2025-03-03,4.1827
2025-03-04,4.1568
2025-03-05,4.1545
2025-03-06,4.1766
2025-03-07,4.176
2025-03-10,4.1857
2025-03-11,4.1977
2025-03-12,4.2017
2025-03-13,4.196
2025-03-14,4.179
2025-03-17,4.1777
2025-03-18,4.1776
2025-03-19,4.1945
2025-03-20,4.1972
2025-03-21,4.1979
2025-03-24,4.1832
2025-03-25,4.1664
2025-03-26,4.1686
2025-03-27,4.1913
2025-03-28,4.1819
2025-03-31,4.1839
2025-04-01,4.1818
2025-04-02,4.1794
2025-04-03,4.1791
2025-04-04,4.2403
2025-04-07,4.2975
2025-04-08,4.2946
2025-04-09,4.2818
2025-04-10,4.2644
2025-04-11,4.2972
2025-04-14,4.2776
2025-04-15,4.2767
2025-04-16,4.3033
2025-04-17,4.2879
2025-04-18,4.2823
2025-04-22,4.2801
2025-04-23,4.2893
2025-04-24,4.2789
2025-04-25,4.2688
2025-04-28,4.2766
2025-04-29,4.2646
2025-04-30,4.2778
2025-05-02,4.275
2025-05-05,4.276
2025-05-06,4.2806
2025-05-07,4.2757
2025-05-08,4.2714
2025-05-09,4.2414
2025-05-12,4.2337
2025-05-13,4.2525
2025-05-14,4.2455
2025-05-15,4.2378
2025-05-16,4.2392
2025-05-19,4.2785
2025-05-20,4.2497
2025-05-21,4.2403
2025-05-22,4.2447
2025-05-23,4.2541
2025-05-26,4.2514
2025-05-27,4.2479
2025-05-28,4.2447
2025-05-29,4.2369
2025-05-30,4.2507
2025-06-02,4.2578
2025-06-03,4.2721
2025-06-04,4.2778
2025-06-05,4.2791
2025-06-06,4.2881
2025-06-09,4.2772
2025-06-10,4.2611
2025-06-11,4.2643
2025-06-12,4.2631
2025-06-13,4.272
2025-06-16,4.2612
2025-06-17,4.275
2025-06-18,4.2717
2025-06-20,4.2709
2025-06-23,4.2727
2025-06-24,4.2604
2025-06-25,4.2479
2025-06-26,4.2479
2025-06-27,4.2362
2025-06-30,4.2419
2025-07-01,4.2415
2025-07-02,4.25
2025-07-03,4.2634
2025-07-04,4.2515
2025-07-07,4.2524
2025-07-08,4.2455
2025-07-09,4.2399
2025-07-10,4.2464
2025-07-11,4.2563
2025-07-14,4.2614
2025-07-15,4.2538
2025-07-16,4.2585
2025-07-17,4.2559
2025-07-18,4.2509
2025-07-21,4.2445
2025-07-22,4.2531
2025-07-23,4.2544
2025-07-24,4.2514
2025-07-25,4.2544
2025-07-28,4.2565
2025-07-29,4.2737
2025-07-30,4.2732
2025-07-31,4.2661
2025-08-01,4.2813
2025-08-04,4.2734
2025-08-05,4.2763
2025-08-06,4.282
2025-08-07,4.2618
2025-08-08,4.2566
2025-08-11,4.2533
2025-08-12,4.2626
2025-08-13,4.2586
2025-08-14,4.2639
2025-08-18,4.2558
2025-08-19,4.242
2025-08-20,4.2524
2025-08-21,4.2521
2025-08-22,4.267
2025-08-25,4.2627
2025-08-26,4.2657
2025-08-27,4.2639
2025-08-28,4.2681
2025-08-29,4.2684
2025-09-01,4.2574
2025-09-02,4.2651
2025-09-03,4.2589
2025-09-04,4.2553
2025-09-05,4.2476
2025-09-08,4.2484
2025-09-09,4.254
2025-09-10,4.2604
2025-09-11,4.2626
2025-09-12,4.2593
2025-09-15,4.2476
2025-09-16,4.2504
2025-09-17,4.2559
2025-09-18,4.2564
2025-09-19,4.2666
2025-09-22,4.2645
2025-09-23,4.2552
2025-09-24,4.2676
2025-09-25,4.2619
2025-09-26,4.2668
2025-09-29,4.2688
2025-09-30,4.2692
2025-10-01,4.2586
2025-10-02,4.256
2025-10-03,4.2559
2025-10-06,4.2521
2025-10-07,4.2559
2025-10-08,4.2533
2025-10-09,4.2569
2025-10-10,4.2583
2025-10-13,4.2592
2025-10-14,4.2645
2025-10-15,4.2556
2025-10-16,4.2517
2025-10-17,4.2565
2025-10-20,4.2396
2025-10-21,4.2392
2025-10-22,4.2438
2025-10-23,4.2347
2025-10-24,4.2353
2025-10-27,4.2353
2025-10-28,4.2345
2025-10-29,4.2374
2025-10-30,4.2425
2025-10-31,4.2543
2025-11-03,4.2527
2025-11-04,4.2575
2025-11-05,4.2597
2025-11-06,4.2566
2025-11-07,4.2483
2025-11-10,4.2351
2025-11-12,4.2312
2025-11-13,4.2304
2025-11-14,4.2274
2025-11-17,4.2231
2025-11-18,4.2331
2025-11-19,4.2424
2025-11-20,4.2289
2025-11-21,4.2489
2025-11-24,4.2345
2025-11-25,4.2301
2025-11-26,4.233
2025-11-27,4.227
2025-11-28,4.2369
2025-12-01,4.2286
2025-12-02,4.239
2025-12-03,4.2312
2025-12-04,4.2299
2025-12-05,4.2321
2025-12-08,4.2289
2025-12-09,4.234
2025-12-10,4.2274
2025-12-11,4.2284
2025-12-12,4.2271
2025-12-15,4.2192
2025-12-16,4.2239
2025-12-17,4.2149
2025-12-18,4.2076
2025-12-19,4.2094
2025-12-22,4.2115
2025-12-23,4.2274
2025-12-29,4.2274
2025-12-30,4.2293
2025-12-31,4.2267
2026-01-02,4.2156
2026-01-05,4.211
2026-01-07,4.2105
2026-01-08,4.2119
2026-01-09,4.2127
2026-01-12,4.2097
2026-01-13,4.2116
2026-01-14,4.211
2026-01-15,4.2068
2026-01-16,4.2192
2026-01-19,4.2231
2026-01-20,4.2279
2026-01-21,4.2271
2026-01-22,4.2128
2026-01-23,4.205
2026-01-26,4.2118
2026-01-27,4.2032
2026-01-28,4.2009
2026-01-29,4.2072
2026-01-30,4.2131
2026-02-02,4.2106
2026-02-03,4.2198
2026-02-04,4.2241
2026-02-05,4.2175
2026-02-06,4.2155
2026-02-09,4.2142
2026-02-10,4.2148
2026-02-11,4.2174
2026-02-12,4.2131
2026-02-13,4.214
